"Id","Expected"
"AAACAAGTATCTCCCA-1","7"
"AAACAATCTACTAGCA-1","6"
"AAACACCAATAACTGC-1","1"
"AAACAGAGCGACTCCT-1","4"
"AAACAGCTTTCAGAAG-1","4"
"AAACAGGGTCTATATT-1","2"
"AAACAGTGTTCCTGGG-1","2"
"AAACATTTCCCGGATT-1","7"
"AAACCCGAACGAAATC-1","7"
"AAACCGTTCGTCCAGG-1","1"
"AAACCTAAGCAGCCGG-1","7"
"AAACCTCATGAAGTTG-1","7"
"AAACGAAGAACATACC-1","7"
"AAACGAGACGGTTGAT-1","7"
"AAACGGGCGTACGGGT-1","7"
"AAACGGTTGCGAACTG-1","4"
"AAACTCGGTTCGCAAT-1","7"
"AAACTCGTGATATAAG-1","7"
"AAACTGCTGGCTCCAA-1","7"
"AAACTTAATTGCACGC-1","1"
"AAACTTGCAAACGTAT-1","4"
"AAAGACATGAAGTTTA-1","6"
"AAAGACCCAAGTCGCG-1","7"
"AAAGACTGGGCGCTTT-1","7"
"AAAGGCCCTATAATAC-1","1"
"AAAGGCTACGGACCAT-1","3"
"AAAGGCTCTCGCGCCG-1","2"
"AAAGGGATGTAGCAAG-1","7"
"AAAGGGCAGCTTGAAT-1","7"
"AAAGGTAAGCTGTACC-1","4"
"AAAGTAGCATTGCTCA-1","1"
"AAAGTCACTGATGTAA-1","7"
"AAAGTCGACCCTCAGT-1","3"
"AAAGTGTGATTTATCT-1","7"
"AAAGTTGACTCCCGTA-1","7"
"AAATAACCATACGGGA-1","7"
"AAATAAGGTAGTGCCC-1","7"
"AAATACCTATAAGCAT-1","7"
"AAATAGCTTAGACTTT-1","7"
"AAATAGGGTGCTATTG-1","7"
"AAATCCGATACACGCC-1","7"
"AAATCGTGTACCACAA-1","2"
"AAATCTAGCCCTGCTA-1","7"
"AAATGATTCGATCAGC-1","7"
"AAATGCTCGTTACGTT-1","6"
"AAATGGCATGTCTTGT-1","7"
"AAATGGCCCGTGCCCT-1","2"
"AAATGGTCAATGTGCC-1","3"
"AAATGTGGGTGCTCCT-1","5"
"AAATTAACGGGTAGCT-1","3"
"AAATTACACGACTCTG-1","7"
"AAATTACCTATCGATG-1","7"
"AAATTGATAGTCCTTT-1","1"
"AAATTGCGGCGGTTCT-1","6"
"AAATTTACCGAAATCC-1","6"
"AAATTTGCGGGTGTGG-1","2"
"AACAACTGGTAGTTGC-1","7"
"AACAATACATTGTCGA-1","1"
"AACAATTACTCTACGC-1","7"
"AACACACGCTCGCCGC-1","7"
"AACACGACTGTACTGA-1","7"
"AACACGAGACGCGGCC-1","2"
"AACACGCGGCCGCGAA-1","6"
"AACAGCTGTGTGGCAA-1","1"
"AACAGGAAATCGAATA-1","7"
"AACAGGATGGGCCGCG-1","7"
"AACAGGTAGTATGGAT-1","7"
"AACATATCAACTGGTG-1","7"
"AACATCGATACGTCTA-1","7"
"AACATTGAAGTTGATC-1","1"
"AACATTGGTCAGCCGT-1","6"
"AACATTGTGACTCGAG-1","2"
"AACCAAGACTTCTCTG-1","7"
"AACCAGTATCACTCTT-1","7"
"AACCATAGGGTTGAAC-1","1"
"AACCATGGGATCGCTA-1","7"
"AACCCAGAGACGGAGA-1","7"
"AACCCATCCCATGATC-1","1"
"AACCCGACAACCCGTG-1","2"
"AACCCGAGCAGAATCG-1","7"
"AACCCTACTGTCAATA-1","7"
"AACCCTGGTGGAACCA-1","7"
"AACCGAGCTTGGTCAT-1","6"
"AACCGCTAAGGGATGC-1","7"
"AACCGTTGTGTTTGCT-1","7"
"AACCTAAAGCCGTCCG-1","5"
"AACCTCGCTTTAGCCC-1","7"
"AACCTTTAAATACGGT-1","7"
"AACCTTTACGACGTCT-1","7"
"AACGAAAGTCGTCCCA-1","1"
"AACGATAATGCCGTAG-1","7"
"AACGATAGAAGGGCCG-1","7"
"AACGATATGTCAACTG-1","7"
"AACGCATGATCTGGGT-1","7"
"AACGCGACCTTGGGCG-1","2"
"AACGCGGTCTCCAGCC-1","4"
"AACGCTGTTGCTGAAA-1","7"
"AACGGACGTACGTATA-1","7"
"AACGGCCATCTCCGGT-1","1"
"AACGTACTGTGGGTAC-1","1"
"AACGTAGTCTACCCAT-1","7"
"AACGTCAGACTAGTGG-1","7"
"AACGTGATGAAGGACA-1","7"
"AACGTGCGAAAGTCTC-1","3"
"AACTACCCGTTTGTCA-1","7"
"AACTAGGCTTGGGTGT-1","7"
"AACTCCAGAGCGTGTT-1","7"
"AACTCCTAATCCCATG-1","7"
"AACTCGATAAACACGT-1","7"
"AACTCTCAATAGAGCG-1","7"
"AACTCTCAGTGTGCTC-1","1"
"AACTGATATTAGGCCT-1","4"
"AACTGGGTCCCGACGT-1","4"
"AACTGGGTTCGAGCCG-1","7"
"AACTGGTGTGGGCCTT-1","7"
"AACTTCTGCGTCTATC-1","7"
"AACTTGCCCGTATGCA-1","7"
"AAGAAGGATCAGTTAG-1","7"
"AAGACATACGTGGTTT-1","7"
"AAGACCAAATAACTCA-1","1"
"AAGACCCAACTGAACA-1","7"
"AAGACTAACCCGTTGT-1","7"
"AAGACTCACGCCCACT-1","7"
"AAGACTGCAAGCTACT-1","3"
"AAGAGATGAATCGGTA-1","6"
"AAGAGCTCTTTATCGG-1","7"
"AAGAGGATGTACGCGA-1","7"
"AAGAGGCATGGATCGC-1","7"
"AAGAGGCCCTTTGGAA-1","7"
"AAGATGGCACCGGACC-1","1"
"AAGATTGGCGGAACGT-1","7"
"AAGCACCCTGCGTATC-1","7"
"AAGCATACTCTCCTGA-1","7"
"AAGCCGAAGCGGTTTA-1","7"
"AAGCCGCCGTGAAATC-1","1"
"AAGCGCAGGGCTTTGA-1","7"
"AAGCGGCGTCATGGGT-1","7"
"AAGCGTCCCTCATCGA-1","1"
"AAGCTAGATCGAGTAA-1","7"
"AAGCTCGTGCCAAGTC-1","7"
"AAGCTCTTTCATGGTG-1","7"
"AAGGAGAACTTATAAG-1","6"
"AAGGAGCGGTTGGTGC-1","7"
"AAGGATCGATCGCTTG-1","7"
"AAGGATGAGGGACCTC-1","7"
"AAGGCAGGCTGTCTCC-1","7"
"AAGGCGCGTAAAGCTT-1","7"
"AAGGCTGTGCTCATCG-1","3"
"AAGGGAACGACTGGCT-1","1"
"AAGGGACAGATTCTGT-1","7"
"AAGGGACTATGCATTC-1","1"
"AAGGTATCCTAATATA-1","7"
"AAGGTGATAAACCAGC-1","7"
"AAGTAAGCTTCCAAAC-1","7"
"AAGTAGAAGACCGGGT-1","7"
"AAGTAGTGACGCGAGG-1","7"
"AAGTCAATTGTCGTCA-1","7"
"AAGTGACGACCGAATT-1","7"
"AAGTGAGTCGGGTTTA-1","2"
"AAGTGCAAAGGTAGAC-1","7"
"AAGTGCCTTGACTGTA-1","7"
"AAGTGCGTTAGAATCT-1","2"
"AAGTGCTTCTCTATTG-1","2"
"AAGTGTTTGGAGACGG-1","7"
"AAGTTCACTCCAAGCT-1","7"
"AAGTTCAGTCTGCGTA-1","7"
"AAGTTCGGCCAACAGG-1","1"
"AAGTTGTGATGTTATA-1","7"
"AAGTTTACTAATGGCA-1","7"
"AAGTTTATGGGCCCAA-1","7"
"AATAACAACGCTCGGC-1","7"
"AATAACACTAGAACAA-1","1"
"AATAAGTCCTCGAGAC-1","7"
"AATACAATGTTTCAGG-1","4"
"AATACCGGAGGGCTGT-1","1"
"AATACCTGATGTGAAC-1","7"
"AATAGAACAGAGTGGC-1","1"
"AATAGAATCTGTTTCA-1","7"
"AATAGCTACCGCGTGC-1","7"
"AATAGTCCGTCCCGAC-1","2"
"AATATCAAGGTCGGAT-1","7"
"AATATCGAATCAATGC-1","7"
"AATATCGAGGGTTCTC-1","7"
"AATATTGGAGTATTGA-1","7"
"AATCATGTAAAGACTC-1","7"
"AATCCAAGGGCCTGAG-1","7"
"AATCGCCTCAGCGCCA-1","7"
"AATCGCGCAGAGGACT-1","7"
"AATCGGGACACTACGA-1","7"
"AATCGGTATAGCCCTC-1","7"
"AATCGTGAGCCGAGCA-1","7"
"AATCTAGGTTTACTTG-1","2"
"AATCTATGCCGGAGCC-1","7"
"AATCTCTACTGTGGTT-1","6"
"AATCTGCGTTGGGACG-1","7"
"AATCTGGCTTTCTAGT-1","1"
"AATCTGGGTAGACCCT-1","7"
"AATGACAGCAATGTCT-1","2"
"AATGACGTAGGATGTC-1","7"
"AATGACTGTCAGCCGG-1","7"
"AATGAGTTCGCATATG-1","7"
"AATGATGATACGCTAT-1","7"
"AATGATGCGACTCCTG-1","7"
"AATGCAACCGGGTACC-1","7"
"AATGCACCAAGCAATG-1","7"
"AATGGTCCACCGTTCA-1","7"
"AATGGTTCTCACAAGC-1","7"
"AATGTATGGCACTGTA-1","2"
"AATGTGCCCGAGGTGT-1","1"
"AATGTGCTAATCTGAG-1","1"
"AATTAAAGGTCGGCGT-1","2"
"AATTAACGGATTTCCA-1","7"
"AATTAGCGCTGCAGCG-1","7"
"AATTCATAAGGGATCT-1","7"
"AATTCATTGTCATGCA-1","1"
"AATTCCAAGCATGTAC-1","7"
"AATTCGATTCGAGGAT-1","7"
"AATTCTAGAGTTAGGC-1","3"
"AATTGAACGCTCTGGT-1","7"
"AATTGCAGCAATCGAC-1","7"
"AATTGCGTGGATTACA-1","1"
"AATTTGGGACATAGTA-1","7"
"AATTTGGTTCCAAAGA-1","7"
"ACAAACCATGCGTCCT-1","1"
"ACAAACCGACAAGGCG-1","5"
"ACAAAGCATGACCTAG-1","7"
"ACAAATCGCACCGAAT-1","7"
"ACAAATGGTAGTGTTT-1","7"
"ACAAATTCAGATCTGA-1","6"
"ACAACAGCATGAGCTA-1","7"
"ACAACGGTCCCTGCGA-1","7"
"ACAAGCAGTGCCTAGC-1","7"
"ACAAGGAAATCCGCCC-1","4"
"ACAAGGACAAGAGGTT-1","7"
"ACAAGGATGCTTTAGG-1","7"
"ACAAGGGCAGGCTCTG-1","7"
"ACAATAGTCGTACGTT-1","7"
"ACAATCCATTTAAACC-1","7"
"ACAATCGATCTTTATA-1","5"
"ACAATGAATACGGAGA-1","1"
"ACAATTGTGTCTCTTT-1","7"
"ACAATTTGAGCAGTGG-1","7"
"ACACAAAGACGGGTGG-1","7"
"ACACACCAGGACCAGT-1","7"
"ACACACTTTCTACACG-1","7"
"ACACATGATCAAATCT-1","1"
"ACACATTGACGCAACA-1","7"
"ACACCCAGCATGCAGC-1","7"
"ACACCCGAGAAATCCG-1","7"
"ACACCGGTCTGACCGC-1","1"
"ACACCTTAAGTAGGGC-1","7"
"ACACCTTACTACTTGC-1","7"
"ACACGAGACTCCTTCT-1","7"
"ACACGGCACTATGCAT-1","7"
"ACACGGGAACTTAGGG-1","7"
"ACACGTAGGCCACAAG-1","7"
"ACACTCCAATGTCACT-1","7"
"ACACTGATCAAGGTGT-1","1"
"ACACTGGGACAGTCGT-1","4"
"ACAGAACTGAGAACAA-1","1"
"ACAGATTAGGTTAGTG-1","7"
"ACAGCATAGAGCCAGT-1","7"
"ACAGCGACATTCTCAT-1","7"
"ACAGCGCACCCGCAGC-1","4"
"ACAGGCTTGCCCGACT-1","7"
"ACAGGTGGAGGTGAGG-1","1"
"ACAGTAATACAACTTG-1","2"
"ACATAAGTCGTGGTGA-1","2"
"ACATAATAAGGCGGTG-1","7"
"ACATCAGCTGGGACGC-1","3"
"ACATCCCGGCCATACG-1","2"
"ACATCCTGGTAACTGT-1","7"
"ACATCGTATGCAATGG-1","7"
"ACATCGTTAACCTAGT-1","7"
"ACATCTCAACGCGTAA-1","7"
"ACATGGCGCCAAAGTA-1","7"
"ACATGGCTCAATTTAG-1","6"
"ACATTAGTTTATATCC-1","7"
"ACCAAACTAGAAATCC-1","5"
"ACCAACACCACACACT-1","7"
"ACCAACCGCACTCCAC-1","7"
"ACCAACGCTTATTTAT-1","1"
"ACCAAGAACGCGTGTC-1","7"
"ACCAATATGCAAGTTA-1","7"
"ACCACAACTCAGAACA-1","7"
"ACCACAAGTTTCTATC-1","7"
"ACCACCAATGTAACAA-1","7"
"ACCACGTGCAGCTATA-1","7"
"ACCAGCCCGGTCTTTG-1","7"
"ACCAGGAGTGTGATCT-1","7"
"ACCAGTGCCCGGTCAA-1","4"
"ACCAGTGCGGGAGACG-1","7"
"ACCATATCCGCAATAA-1","2"
"ACCATCCGCCAACTAG-1","2"
"ACCATCGTATATGGTA-1","2"
"ACCCAACGCCCGTGGC-1","7"
"ACCCACCTACATGCTC-1","7"
"ACCCATCTTGAGGGTA-1","7"
"ACCCATTTGTCCCTCT-1","7"
"ACCCGAGCGAAATTAC-1","1"
"ACCCGGAAACTCCCAG-1","3"
"ACCCGGATGACGCATC-1","4"
"ACCCGGTTACACTTCC-1","2"
"ACCCGTGTCATCAGTA-1","2"
"ACCCTATGCCATATCG-1","1"
"ACCCTCCCTTGCTATT-1","7"
"ACCCTTCATCTGCGAA-1","7"
"ACCCTTTAGTTCTCCA-1","7"
"ACCGAAAGGGCCCTGC-1","7"
"ACCGAAGAGTCTGGTT-1","1"
"ACCGACACATCTCCCA-1","7"
"ACCGACTGAGTCCCAC-1","7"
"ACCGATGGTAGCATCG-1","7"
"ACCGCAATAACTGCCT-1","7"
"ACCGCGGTGGAAGTCG-1","7"
"ACCGGGCCTTTGTTGA-1","7"
"ACCGGTCAGGTACACC-1","1"
"ACCGGTCTGAGTACGG-1","7"
"ACCGTCCACTGGGCCC-1","1"
"ACCGTGACCACGTGGG-1","2"
"ACCGTTCCCGCTCTGA-1","7"
"ACCTAAGTACCTTTCA-1","1"
"ACCTAATCGACTTCCT-1","7"
"ACCTACAGTATGTGGT-1","4"
"ACCTACTATAAATCTA-1","2"
"ACCTCCGCCCTCGCTG-1","7"
"ACCTCCGTTATTCACC-1","7"
"ACCTCGAACTTATGCT-1","2"
"ACCTGCGTGTCATGTT-1","4"
"ACCTTTCCTTTAGAAG-1","7"
"ACGAAATGGGCGGCAC-1","7"
"ACGACTGGTCATACTC-1","1"
"ACGAGATATTTGCTTA-1","7"
"ACGAGGATACCACTCT-1","1"
"ACGAGGTTTACAACGT-1","1"
"ACGAGTACGGATGCCC-1","7"
"ACGATACATAGAACTA-1","7"
"ACGATCATACATAGAG-1","6"
"ACGATCATCTTGTAAA-1","7"
"ACGATGGATCCGATGC-1","7"
"ACGCAAACTAATAGAT-1","2"
"ACGCAATCACTACAGC-1","7"
"ACGCATACGTTTACTA-1","7"
"ACGCATTCGTGAGTAC-1","3"
"ACGCCAGATGATTTCT-1","4"
"ACGCCCAGCTGTCGAT-1","7"
"ACGCCGCTAGACGACC-1","7"
"ACGCGAAGTCAGACGA-1","2"
"ACGCGCTACACAGGGT-1","7"
"ACGCGGGCCAAGGACA-1","7"
"ACGCTAGTGATACACT-1","7"
"ACGCTGTGAGGCGTAG-1","7"
"ACGCTTAGTGTCTCTC-1","7"
"ACGGAATTTAGCAAAT-1","7"
"ACGGACTCTCAAAGCG-1","7"
"ACGGAGCGCAAATTAC-1","7"
"ACGGATGGTGCGGATA-1","7"
"ACGGCCAACATGGACT-1","2"
"ACGGCGACGATGGGAA-1","7"
"ACGGCTGGATGTAGAA-1","1"
"ACGGGAGTGTCGGCCC-1","1"
"ACGGGTCATGTGACTT-1","7"
"ACGTACAGATTTCTCT-1","7"
"ACGTAGATTGCTGATG-1","6"
"ACGTATTACTCCGATC-1","7"
"ACGTCCTAAACGAGAT-1","5"
"ACGTGCGCCTCGTGCA-1","6"
"ACGTGGTCGAATGTGC-1","7"
"ACGTTAATGTCGAAGA-1","3"
"ACGTTAGATTTGCCCG-1","7"
"ACGTTCCGCGCTCCGT-1","7"
"ACGTTCGCAATCAATT-1","7"
"ACGTTCGTTCAGGAAA-1","2"
"ACGTTCTGTACAAGTC-1","7"
"ACGTTTAGTTGTGATC-1","7"
"ACTAATACGTCAGGCG-1","7"
"ACTACATCCCGACAAG-1","1"
"ACTACCAGCTCTCTGG-1","6"
"ACTAGTTGCGATCGTC-1","7"
"ACTATATGCTGTGTTC-1","7"
"ACTATCCAGGGCATGG-1","5"
"ACTATCTGCCCGCGTA-1","7"
"ACTATGTCCAGCTGCC-1","1"
"ACTATTCGTCCGTGGT-1","7"
"ACTATTTCCGGGCCCA-1","1"
"ACTCAAGTGCAAGGCT-1","7"
"ACTCAATAAAGGCACG-1","7"
"ACTCAGACCTGCTTCT-1","7"
"ACTCATGGCAGCCTTC-1","1"
"ACTCCAATATCATCAT-1","1"
"ACTCCCATTCCTAAAG-1","4"
"ACTCCCGAATTCGTTT-1","7"
"ACTCCCTAATGCTAAA-1","7"
"ACTCCCTAGAATAGTA-1","7"
"ACTCGCCGTTCGATAA-1","7"
"ACTCGTCAGTAATCCC-1","7"
"ACTCTCTGACTTAGGT-1","7"
"ACTCTCTTATACACGA-1","7"
"ACTCTTGTATAGTAAC-1","7"
"ACTGAAACGCCGTTAG-1","7"
"ACTGAATGGCGAAAGT-1","7"
"ACTGATTTAGTGATTC-1","7"
"ACTGCCCGCCATTCTC-1","2"
"ACTGCCGTCGTAACTC-1","6"
"ACTGTACGATACACAT-1","7"
"ACTGTAGCACTTTGGA-1","7"
"ACTGTATACGCGAGCA-1","7"
"ACTGTCCAGGATTATA-1","7"
"ACTGTCTTCTTTAGAA-1","7"
"ACTGTGCTAGTAGATC-1","7"
"ACTTACCGGGCGCGCA-1","7"
"ACTTACGCATCCACGC-1","7"
"ACTTAGTACGACAAGA-1","7"
"ACTTATACTTACCCGG-1","7"
"ACTTATCTGATCTATA-1","7"
"ACTTATTAGGATCGGT-1","7"
"ACTTATTTATGTGCCA-1","7"
"ACTTCAGGCTGATCCC-1","7"
"ACTTCCATGCGGGACA-1","7"
"ACTTCGCCATACGCAC-1","7"
"ACTTGACTCCCTCTTT-1","3"
"ACTTGCCATATTGTAC-1","7"
"ACTTGGGACCCGGTGG-1","7"
"ACTTGTAGTCCCTTCA-1","4"
"ACTTGTGGATGGAACG-1","7"
"ACTTTACCCTCATGAA-1","7"
"ACTTTCCTATAGCTTC-1","7"
"ACTTTGACTGCATCCT-1","3"
"ACTTTGGTCGTGCTCC-1","1"
"AGAAATTATGACTCGC-1","7"
"AGAACCCTCAATTGGG-1","1"
"AGAACGTGGTACATTC-1","7"
"AGAAGGTACACTTCAC-1","1"
"AGAAGGTTGCCGAATT-1","2"
"AGAAGGTTGTAGGTCG-1","7"
"AGAAGTGATTCGTGAT-1","2"
"AGAATAAATCTTCAGG-1","4"
"AGAATGCGGGTTCGGA-1","7"
"AGAATTATGGATTCGA-1","7"
"AGAATTGTTTGACATA-1","7"
"AGACATAGATCCTTCC-1","7"
"AGACCAAACCACACCT-1","2"
"AGACCATGGGATACAA-1","7"
"AGACCCACCGCTGATC-1","7"
"AGACCCGCCCTCCTCG-1","7"
"AGACCGCTCCGCGGTT-1","7"
"AGACCGGGAAACCCTG-1","7"
"AGACGAAGTGCCGGTC-1","7"
"AGACGACGATGCCGCT-1","1"
"AGACGGGATTGGTATA-1","5"
"AGACGGGCCGATTTAA-1","7"
"AGACTAGCCTTCCAGA-1","7"
"AGACTGTTACCGGGTC-1","1"
"AGAGAAACACCAGAAA-1","1"
"AGAGAACCGTCTAGGA-1","7"
"AGAGAAGGAGTACAAT-1","1"
"AGAGATCTCTAAAGCG-1","4"
"AGAGCAGTTATGAGAC-1","7"
"AGAGCCGCCGAGATTT-1","7"
"AGAGCGGGCTAATCAT-1","7"
"AGAGCGTACAAGCTCG-1","7"
"AGAGGCTTCGGAAACC-1","7"
"AGAGTAAACTTCACTA-1","7"
"AGAGTTAGAGACCGAT-1","7"
"AGATAACTTCAGGGCC-1","7"
"AGATACGACTTCATAT-1","7"
"AGATACTCAAGATCGA-1","7"
"AGATATAATACGACTA-1","7"
"AGATCGTGCATAAGAT-1","7"
"AGATCTCAGGTGTGAT-1","7"
"AGATGACTCGCCCACG-1","7"
"AGATGAGGGTTGCGAT-1","7"
"AGATGATGGAGTCTGG-1","7"
"AGATGCAAGACGTGCA-1","1"
"AGATTATAGGACGTTT-1","3"
"AGATTCACAACCGATA-1","1"
"AGCAAAGGCCGCTAGT-1","7"
"AGCAACATATCTTATT-1","7"
"AGCAACCGAAAGTAAT-1","1"
"AGCACACGTTTAGACT-1","1"
"AGCACCAGTACTCACG-1","4"
"AGCACTACCGGCCTGT-1","7"
"AGCACTACCTCACCAG-1","7"
"AGCACTTAAGGACGCC-1","7"
"AGCAGAAGGAGAAAGA-1","7"
"AGCATATCAATATGCT-1","7"
"AGCATCATTTCGAAAG-1","1"
"AGCATCGTCGATAATT-1","7"
"AGCATTACGAGGCAAG-1","7"
"AGCCAAGCTTTGTGTC-1","7"
"AGCCACAGGTTACCCG-1","7"
"AGCCACTCCCGTGCTT-1","7"
"AGCCCATACATGTAAG-1","3"
"AGCCCGGCATTAGAGG-1","1"
"AGCCCGGTAGCCTGTA-1","2"
"AGCCCTAAGCGAAGTT-1","7"
"AGCCCTCCCTGGTGGC-1","1"
"AGCCCTTCTAATCCGA-1","7"
"AGCCGTGGCTAAATGT-1","1"
"AGCCTAATACCCACGT-1","1"
"AGCCTTAAAGCGGAAG-1","7"
"AGCGACAGGAACGGTC-1","1"
"AGCGACATCCCATTCA-1","7"
"AGCGACCAACGATATT-1","6"
"AGCGAGACGTGAAGGC-1","1"
"AGCGATGCGCCTAATA-1","7"
"AGCGCATAATGAATCG-1","2"
"AGCGCGGGTGCCAATG-1","6"
"AGCGCTTATGGGCAAG-1","7"
"AGCGGACACTTCGTAG-1","7"
"AGCGGCGGTTAGCGGT-1","2"
"AGCGGGAAGGGTCCAT-1","7"
"AGCGGGTCTGACACTC-1","7"
"AGCGGTTGAGATGTAC-1","7"
"AGCGTAGCGCTAGACC-1","6"
"AGCGTGGTATTCTACT-1","3"
"AGCGTTCCGATTTAAA-1","7"
"AGCTAACAAGCAATGT-1","1"
"AGCTAAGTACGCAGGC-1","7"
"AGCTAGAAGCAGAAGT-1","7"
"AGCTATTTAATCCAAC-1","7"
"AGCTCCATATATGTTC-1","7"
"AGCTCCTTCGCACATC-1","7"
"AGCTCTAGACGTTCCA-1","7"
"AGCTCTTCCCAGTGCA-1","7"
"AGCTCTTCGTAACCTT-1","7"
"AGCTCTTTACTCAGTT-1","2"
"AGCTGAAGTAAACCAA-1","7"
"AGCTGTAACCTCAATC-1","1"
"AGCTTCAATACTTTGA-1","5"
"AGCTTGATCTTAACTT-1","7"
"AGGAAAGCCTCTGATG-1","7"
"AGGAAGCTGTCCGCCG-1","7"
"AGGACAGTCGAATCCC-1","7"
"AGGACATCGCACGTCG-1","7"
"AGGACGACCCATTAGA-1","1"
"AGGACGCTCGATGTTG-1","7"
"AGGAGGCCTTCGCGCG-1","7"
"AGGATAAAGTCGGGAT-1","7"
"AGGATATAGGGATTTA-1","7"
"AGGATCACGCGATCTG-1","2"
"AGGCAAAGAGGAATCA-1","7"
"AGGCACGTGACTGTCC-1","7"
"AGGCAGATGCGTAAAC-1","7"
"AGGCAGGGAGCGTACT-1","2"
"AGGCATTGTCGTAGGG-1","7"
"AGGCCACCCGTTATGA-1","7"
"AGGCCCATTGTACAGG-1","7"
"AGGCCCTAGAACGCCA-1","2"
"AGGCCTGAGAATCTCG-1","7"
"AGGCGGTTTGTCCCGC-1","1"
"AGGCGTCTATGGACGG-1","6"
"AGGCTATGGTTAGCTT-1","7"
"AGGCTTCCCGAAGAAG-1","1"
"AGGCTTGCTAGACACC-1","6"
"AGGGAAACGAGGTACT-1","7"
"AGGGACCGGCTGCGTT-1","7"
"AGGGACTCTACGCGAC-1","2"
"AGGGAGACATACTTCG-1","7"
"AGGGCAGCGGCGTGGT-1","7"
"AGGGCGAGCAGCTGAT-1","7"
"AGGGCGTGATCGGCTA-1","7"
"AGGGCTGCAGTTACAG-1","3"
"AGGGTCAGAGCACTCG-1","1"
"AGGGTCGATGCGAACT-1","7"
"AGGGTGCCGTTCTTTA-1","2"
"AGGGTGCTCTCGAGGG-1","7"
"AGGGTGGATAGTGCAT-1","7"
"AGGGTTCCCTTTGGTT-1","7"
"AGGGTTTAGTTCGGGA-1","6"
"AGGTAACCTCCTATTC-1","7"
"AGGTACGATATTGCCA-1","7"
"AGGTAGATCGAGATAT-1","1"
"AGGTAGGTACAAAGCT-1","7"
"AGGTATAATTGATAGT-1","7"
"AGGTCAGGTGAGAGTG-1","2"
"AGGTCGCCACTTCGGT-1","6"
"AGGTCGCGGAGTTACT-1","7"
"AGGTGGTGACCTTCGC-1","4"
"AGGTGTATCGCCATGA-1","7"
"AGGTTACACCATGCCG-1","7"
"AGGTTCTCCTTTCCGG-1","1"
"AGGTTGAGGCACGCTT-1","7"
"AGTAACGTTCATCCTG-1","7"
"AGTAACTATAGCAGCC-1","7"
"AGTAATGTCTTGCCGC-1","7"
"AGTAATTTGCAAGCGT-1","1"
"AGTACATCATTTATCA-1","7"
"AGTACCTTCGAGTGCT-1","4"
"AGTACGGCCCGTATCG-1","7"
"AGTACGGGCACCTGGC-1","7"
"AGTACGTGGCCTGTCT-1","7"
"AGTACTCTTATGCCCA-1","7"
"AGTAGAAGGCGCCTCA-1","2"
"AGTAGCGTGAACGAAC-1","7"
"AGTAGCTAGACGCCGA-1","6"
"AGTAGGAAGGAAGTTG-1","7"
"AGTAGGTAACATACAT-1","7"
"AGTATAATACTAGGCA-1","7"
"AGTATACACAGCGACA-1","2"
"AGTATCCATAATAACG-1","7"
"AGTATGCTGGAGACCA-1","1"
"AGTATTTGGCACGACC-1","2"
"AGTCAAATGATGTGAT-1","1"
"AGTCAACACCACCATC-1","2"
"AGTCAAGATGACACTT-1","7"
"AGTCACTAGCTCTCGA-1","7"
"AGTCAGCCACCGCCTG-1","4"
"AGTCCAGCGGGTACGT-1","7"
"AGTCCATTGGCTGATG-1","7"
"AGTCCCGCCTTTAATT-1","7"
"AGTCGACGGTCTCAAG-1","7"
"AGTCGGCCCAAACGAC-1","7"
"AGTCGGCTCAACTTTA-1","2"
"AGTCGGTTGCGTGAGA-1","7"
"AGTCGTATAAAGCAGA-1","7"
"AGTCGTCGACCACCAA-1","7"
"AGTCGTGGGCATTACG-1","1"
"AGTCTAAAGTATACTC-1","7"
"AGTCTCACAAGACTAC-1","1"
"AGTCTGGACATCCTTG-1","6"
"AGTCTTCTCCTCAAAT-1","4"
"AGTCTTTAAAGTGTCC-1","7"
"AGTGAACAAACTTCTC-1","7"
"AGTGACCTACTTTACG-1","1"
"AGTGACTGTGACACAA-1","2"
"AGTGAGACTTCCAGTA-1","7"
"AGTGAGCCTCGCCGCC-1","5"
"AGTGAGGGTTTCTGAC-1","7"
"AGTGATAACCTGCGCG-1","7"
"AGTGATATGAGTAGTT-1","2"
"AGTGATTCAAGCAGGA-1","7"
"AGTGCACGCTTAAGAA-1","7"
"AGTGCGTAGCTCGTAA-1","2"
"AGTGCTAAACACAGCA-1","7"
"AGTGCTTGCACGAATA-1","7"
"AGTGGCGGCAATTTGA-1","7"
"AGTGGCGTCTGAAGGT-1","7"
"AGTGGCTCCGTCGGCC-1","7"
"AGTGGTGTTACCCGTG-1","7"
"AGTGTATTGCGCATTG-1","7"
"AGTGTGGTCTATTGTG-1","7"
"AGTTAAACACTTGCGA-1","2"
"AGTTAAGCGGTCCCGG-1","7"
"AGTTAAGTCAACCGCT-1","1"
"AGTTACCGCACATGGT-1","7"
"AGTTACTCTATCGTGG-1","7"
"AGTTATTGAAAGGTAA-1","5"
"AGTTCCTACAGAATTA-1","7"
"AGTTGACGGTCCTTGC-1","4"
"AGTTGCTGACTGATAT-1","7"
"AGTTTCGCAGGTCGGA-1","6"
"AGTTTGCACCTGCCTC-1","7"
"AGTTTGGCACGGGTTG-1","7"
"AGTTTGGCCAGACCTA-1","2"
"ATAAACGGACCCGTAA-1","6"
"ATAAACGTTGCACCAC-1","7"
"ATAAAGGCTCGGTCGT-1","6"
"ATAAAGGTCAAGTACG-1","7"
"ATAAATATTAGCAGCT-1","7"
"ATAACGCCGGAGGGTC-1","7"
"ATAACGGAGTCCAACG-1","3"
"ATAAGGTGGAGAACAT-1","7"
"ATAAGTAGGATTCAGA-1","7"
"ATAAGTAGGGCGACTC-1","7"
"ATAAGTTACCGCGACG-1","2"
"ATAATACCGTTAGCCG-1","6"
"ATAATAGCTGTTGAAT-1","3"
"ATAATAGTGTAGGGAC-1","7"
"ATAATCTTGGAGAACC-1","7"
"ATAATTAGCTAAGTAG-1","7"
"ATACAGGCCCTCCAAT-1","7"
"ATACCACGGGCAACTT-1","3"
"ATACCAGCAAATTGCT-1","7"
"ATACCAGGCTAATAGA-1","7"
"ATACCAGGTGAGCGAT-1","6"
"ATACCTAACCAAGAAA-1","7"
"ATACGCCGATCTACCG-1","7"
"ATACGCCGGCGAAACC-1","7"
"ATACGGAACGTCGTTT-1","2"
"ATACGGGTTTCGATTG-1","7"
"ATACGGTGAAGATGCA-1","7"
"ATACGTACTTAGCCAC-1","7"
"ATACGTCCACTCCTGT-1","7"
"ATACGTTATGCACGGA-1","7"
"ATACTACCCGTACCAC-1","7"
"ATACTAGCATGACCCT-1","7"
"ATACTGCCTTACACCG-1","7"
"ATAGACAACGGGACCT-1","7"
"ATAGACGAAGAGAAAG-1","7"
"ATAGAGTACTGGGACA-1","7"
"ATAGAGTTATCAACTT-1","7"
"ATAGATTTGCAGTCGG-1","7"
"ATAGCAACTAGGGAAG-1","7"
"ATAGCCTCAGTACCCA-1","6"
"ATAGGAATCTAAGCTT-1","7"
"ATAGGCGGCTATAGAA-1","2"
"ATAGGCTAGCTTCGCA-1","7"
"ATAGGGATATCCTTGA-1","7"
"ATAGGTTGGGCAGATG-1","3"
"ATAGTCTTTGACGTGC-1","7"
"ATAGTGAAGCGTTCTC-1","2"
"ATAGTTCCACCCACTC-1","7"
"ATATAAAGCGCTCGTG-1","7"
"ATATAAATGTAGCTGC-1","7"
"ATATAACACGGGCGCA-1","7"
"ATATACGCTCGTGACG-1","7"
"ATATAGAGTATTGGTC-1","1"
"ATATCAACCTACAGAG-1","7"
"ATATCGGTAGGGAGAT-1","5"
"ATATCGTGCCAGACCC-1","7"
"ATATCGTTCCTCGAAC-1","7"
"ATATCTCCCTCGTTAA-1","7"
"ATATCTTAGGGCCTTC-1","7"
"ATATGTCTCCCTAGCC-1","7"
"ATATTCAGTTAAACCT-1","1"
"ATATTCCACATAGTGA-1","7"
"ATATTCCCACAGGTCA-1","7"
"ATATTGCTGTCAAAGT-1","7"
"ATATTTAACCCTCAAG-1","7"
"ATCAAACACTGTTCCA-1","7"
"ATCAAACGAAGGTTTG-1","1"
"ATCAATCTGGGCTGCA-1","7"
"ATCAATGCCGTGGCTG-1","1"
"ATCACATTAGAATATC-1","7"
"ATCACGTGCTAATTAA-1","2"
"ATCACTTCATCCTCGC-1","4"
"ATCAGACGGCACGCCG-1","1"
"ATCAGCCTCATGCTGC-1","7"
"ATCAGCTCGTCCACTA-1","1"
"ATCAGGTCGCCATTGC-1","7"
"ATCAGTAGGCAGGGAT-1","7"
"ATCATAGCCCTATGTA-1","7"
"ATCATCCAATATTTGT-1","7"
"ATCATCTGCCCAGTGT-1","7"
"ATCCAACGCAGTCATA-1","7"
"ATCCACATCGACAGAA-1","7"
"ATCCACGCTAAATGTT-1","7"
"ATCCAGAGCAACAACC-1","2"
"ATCCAGGATTCGTGAA-1","2"
"ATCCCATCCACAGCGC-1","1"
"ATCCTACCTAAGCTCT-1","2"
"ATCCTGAATCGCTGCG-1","7"
"ATCCTGCGTGGAATGG-1","2"
"ATCGACCCAATACAGA-1","7"
"ATCGACTCTTTCCGTT-1","7"
"ATCGCACGCCGGGAGA-1","7"
"ATCGCCAGTCAACATT-1","7"
"ATCGCTGCGTGCAGCA-1","7"
"ATCGGAGACAGACGGC-1","7"
"ATCGGCAAGCAGTCCA-1","7"
"ATCGTGGAAAGTCTGG-1","1"
"ATCGTTAGCTAGCGGA-1","7"
"ATCGTTCACTTTCGCC-1","7"
"ATCTAATATCCTACGG-1","4"
"ATCTAGCTTGTGAGGG-1","7"
"ATCTCCCACGGAATAT-1","7"
"ATCTCCCTGCAATCTA-1","6"
"ATCTCGTGAGCGAAAC-1","7"
"ATCTGACATGGAAGGA-1","1"
"ATCTGATAGTGTCTTA-1","7"
"ATCTGCACCTCTGCGA-1","7"
"ATCTGCTGTTATCGCC-1","4"
"ATCTGGGCTGTTCTTG-1","7"
"ATCTGGTTAAGACTGT-1","7"
"ATCTGTAATTGTACCC-1","7"
"ATCTTAGGGCATTAAT-1","1"
"ATCTTATCGCACACCC-1","7"
"ATCTTGACCTGCAACG-1","7"
"ATCTTGACTTGTCCAA-1","7"
"ATGAAGCCAAGGAGCC-1","7"
"ATGACGCCGGCTCTAA-1","7"
"ATGACGCGTTCTATCC-1","1"
"ATGACTATCAGCTGTG-1","2"
"ATGACTATGCGACATT-1","7"
"ATGAGGAGTGTTAATC-1","7"
"ATGATCGGGAATAGAC-1","7"
"ATGATGCAATGGTACA-1","2"
"ATGCACGCGCTGTTCA-1","1"
"ATGCACTACCGCATTG-1","7"
"ATGCATGATCCAGGAT-1","4"
"ATGCATTCCGTGATGG-1","7"
"ATGCCAATCGCTCTGC-1","7"
"ATGCCATTTGCGACCA-1","7"
"ATGCCGGTCTTGCATA-1","7"
"ATGCCGGTTGATGGGA-1","7"
"ATGCGACAATTGGTCC-1","7"
"ATGCGACAGTCCCATT-1","2"
"ATGCGAGTCCCACCAC-1","7"
"ATGCTCAGTGTTGCAT-1","7"
"ATGCTCTGGCGCGGTA-1","7"
"ATGCTTAGGAGTTGAT-1","7"
"ATGGAGCAGGCCGTGA-1","6"
"ATGGATCCGGCGTCCG-1","7"
"ATGGATTGACCAAACG-1","7"
"ATGGCAGCATTACGAT-1","1"
"ATGGCTGGAAATGGCC-1","7"
"ATGGGAACGGAAGCGG-1","7"
"ATGGGACCTGCTGAAC-1","1"
"ATGGGCCTCGGCCTCT-1","7"
"ATGGGTGTATACCTCC-1","1"
"ATGGTATTTACTGATT-1","1"
"ATGGTCGCGTGGTTTC-1","7"
"ATGGTGCTCAAAGCCA-1","5"
"ATGTAAGGCTGCTCTT-1","7"
"ATGTACATGCGGTGAG-1","7"
"ATGTACGATGACGTCG-1","7"
"ATGTAGCGCGCGTAGG-1","7"
"ATGTGAAAGCCTAATG-1","2"
"ATGTGCATCCGACGCA-1","7"
"ATGTGGACATCTTGAT-1","7"
"ATGTGTAGTTTAGTCA-1","7"
"ATGTTACGAGCAATAC-1","7"
"ATGTTCGTCGACCCAC-1","7"
"ATGTTGTAGTCTGTTT-1","2"
"ATTAATACTACGCGGG-1","4"
"ATTAATGAACCAGTCG-1","7"
"ATTAATTCGGTCACTC-1","6"
"ATTACAACTACCGGCC-1","7"
"ATTACATGTCAGTCTT-1","7"
"ATTACCACACTGCCTG-1","4"
"ATTACGCGCTGGCAGG-1","3"
"ATTACTAGCCTCTTGC-1","7"
"ATTACTTACTGGGCAT-1","7"
"ATTAGATTCCTCAGCA-1","7"
"ATTAGATTGATAGCGG-1","7"
"ATTAGGCGATGCTTTC-1","7"
"ATTATACTTTGCTCGT-1","7"
"ATTATAGCTACTTTAC-1","7"
"ATTATCTCGACAGATC-1","6"
"ATTATGAGACCCAATT-1","1"
"ATTATGCCATAGGGAG-1","7"
"ATTATTATGTCCGTCA-1","1"
"ATTCAACCATTTAAGG-1","7"
"ATTCACTGATGTTGGA-1","7"
"ATTCAGGACCTATTTC-1","4"
"ATTCAGGATCGCCTCT-1","7"
"ATTCAGTAGCAGGGTC-1","7"
"ATTCATATACTGTCCA-1","3"
"ATTCATCGTTGAGGCA-1","7"
"ATTCCCACATAAACAA-1","7"
"ATTCCTAAGACGTGGA-1","7"
"ATTCCTCCGCCAGTGC-1","7"
"ATTCGACGCCGGGCCT-1","7"
"ATTCGTGCTATCTCTT-1","7"
"ATTCTCGTCTCTTTAG-1","6"
"ATTCTGAGTATGAACT-1","7"
"ATTCTTCGTACTTATG-1","7"
"ATTGAAGATCTTAGTG-1","7"
"ATTGACGTAACTCGGT-1","7"
"ATTGATGAGTCCTAAC-1","7"
"ATTGCCTATTAGACCG-1","1"
"ATTGCCTTTATGTTTG-1","7"
"ATTGCGATCAGTAACT-1","7"
"ATTGCTGCTCCTCCAT-1","7"
"ATTGGATTACAGCGTA-1","7"
"ATTGGGAATATCTTGG-1","7"
"ATTGGTTGTGCATTAC-1","7"
"ATTGTACAACTCGGCT-1","7"
"ATTGTCGCAATACCTT-1","7"
"ATTGTGACTTCGCTGC-1","4"
"ATTTAACTCGTATTAC-1","7"
"ATTTACAGTTTACTGG-1","7"
"ATTTACTAAGTCCATT-1","7"
"ATTTCATTATTTCGCG-1","3"
"ATTTCCGGGTTCTGCG-1","1"
"ATTTGCCTAGTTACGA-1","6"
"ATTTGCGCGAGTAGCT-1","1"
"ATTTGTCTTGGGAGCT-1","7"
"ATTTGTTCCAGGGCTC-1","7"
"CAAACGAGTATCGCAG-1","1"
"CAAACGGTCGCACTTT-1","7"
"CAAACGTGGTCTTGCG-1","7"
"CAAACTACGATAGAGA-1","7"
"CAAACTATTGAGCTTC-1","7"
"CAAACTCGCGACGCCG-1","7"
"CAAAGATTATTGGGCC-1","1"
"CAAATCTCTCACAAGG-1","2"
"CAAATGCGGAGTGTTC-1","5"
"CAAATGTCCTTCCGTG-1","2"
"CAAATTGTCAGCAAGC-1","7"
"CAACAGAATAACGCTA-1","7"
"CAACAGTGCCAAACGG-1","6"
"CAACATGGCCTGATAA-1","7"
"CAACCTACCGAGCAGT-1","4"
"CAACGACCCGTTTACA-1","7"
"CAACGGTTCTTGATAC-1","6"
"CAACGTGGTGGAGTCT-1","7"
"CAACTATATCGAATGC-1","7"
"CAACTCCAACGTTTAG-1","7"
"CAACTCCGTAACTTGC-1","2"
"CAACTCCTTGATCCCG-1","7"
"CAACTGCTCATCCGAT-1","4"
"CAACTTGTAGTGGGCA-1","7"
"CAAGAGGGCGGAGTAC-1","7"
"CAAGATATTATAACGT-1","7"
"CAAGCAACGTCGGAGT-1","7"
"CAAGCACCAAATGCCT-1","7"
"CAAGCGGCACATAATT-1","7"
"CAAGGATCGCATGTTC-1","6"
"CAAGGTCCTATAGGCT-1","7"
"CAAGTGAACTTTGGTT-1","7"
"CAAGTGTGGTTGCAAA-1","7"
"CAATAAACCTTGGCCC-1","7"
"CAATACGCTCTGAGGC-1","7"
"CAATATGTAGATTTAC-1","7"
"CAATATTCTTGACCTA-1","1"
"CAATCCATTATCCGTT-1","6"
"CAATCCCTATACCAGC-1","7"
"CAATCCTGCCGTGGAG-1","6"
"CAATGCGAGAAGTATC-1","7"
"CAATGGAATCTACATA-1","7"
"CAATGGATCTCTACCA-1","7"
"CAATGGTCGGCCTGGG-1","7"
"CAATGTGCCAACCCTT-1","4"
"CAATTAAGGGTGATGA-1","7"
"CAATTTCGTATAAGGG-1","3"
"CAATTTGACCGGGAAG-1","6"
"CACAAGAAAGATATTA-1","7"
"CACAAGCTAAGAAAGG-1","1"
"CACAATGAGCTGCTAT-1","2"
"CACACACGCTAACGAG-1","7"
"CACACAGCTTGCGCTC-1","7"
"CACACAGGGATAGATT-1","7"
"CACACGCGCTGTCTTA-1","7"
"CACACGTTTCAATGGG-1","7"
"CACACTTGTATTGCGA-1","4"
"CACAGAGACGAGGACG-1","1"
"CACAGCACCCACGGCA-1","7"
"CACAGCTAGGGAGTGA-1","5"
"CACAGGGCCATATAGT-1","7"
"CACAGTCCCGCTTCGC-1","7"
"CACAGTTCGCTTCCCA-1","7"
"CACATAAGGCGACCGT-1","7"
"CACATATTAGCAGGAT-1","3"
"CACATCGTGCACGCGC-1","1"
"CACATCTCACCGACGA-1","7"
"CACATTCTTTCGATGG-1","7"
"CACATTTCTTGTCAGA-1","7"
"CACCAGTCAGCATGCA-1","1"
"CACCATCGGAGGAGAC-1","7"
"CACCCAAATCTTATGT-1","7"
"CACCCACACGTCACCC-1","7"
"CACCCACGAGGCAATT-1","7"
"CACCCGGTTTGTGACT-1","1"
"CACCCTAACAAGATCT-1","7"
"CACCCTTGGTGAGACC-1","1"
"CACCGATACACCGAGC-1","7"
"CACCGCCAGAAGGTTT-1","7"
"CACCGCCGACCAGCGA-1","7"
"CACCGCGTCCACTCTA-1","7"
"CACCGGAGATATCTCC-1","7"
"CACCGGTAGAGACATT-1","1"
"CACCGTATCCCATCCG-1","7"
"CACCGTTAGGGATCAC-1","1"
"CACCGTTGCGCGATAT-1","2"
"CACCTAATAGAGTCGT-1","7"
"CACCTAATCAGTTTAC-1","3"
"CACCTCGATGGTGGAC-1","7"
"CACCTTGCGAAACTCG-1","6"
"CACCTTGGCGCCTTTG-1","7"
"CACGAAAGTTAGTCCC-1","7"
"CACGACCACAGACTTT-1","7"
"CACGACGTAATAGTAA-1","7"
"CACGATTGGTCGTTAA-1","5"
"CACGCACAGCGCAGCT-1","4"
"CACGCAGCGAGGCTTT-1","7"
"CACGCGGAACTGTTGC-1","7"
"CACGGCGCGCCAAAGG-1","7"
"CACGGGATTGAGGGTT-1","7"
"CACGTCGGCAACCTCT-1","2"
"CACGTCTATGATGTGG-1","7"
"CACGTTCGTGCTCTAG-1","7"
"CACGTTTCGTACACAC-1","7"
"CACTAAAGTTGCCTAT-1","6"
"CACTACGGGAGCTGCC-1","7"
"CACTACTCAGTTCTGT-1","7"
"CACTCAAGAGCTATGG-1","2"
"CACTCAGCTCTTGAGG-1","7"
"CACTCCTATGTAAGAT-1","1"
"CACTCCTCTCGGTCGG-1","3"
"CACTCGAGCTGAACAA-1","7"
"CACTCGGTTAGGAGGA-1","7"
"CACTCTTCTGCTAGCC-1","7"
"CACTGACGATTGTGGA-1","2"
"CACTGTCCAAGTGAGA-1","7"
"CACTTAATCAGACGGA-1","7"
"CACTTCGCCACAGGCT-1","7"
"CAGAACTTAGCCCTCT-1","7"
"CAGAATAACACACGGA-1","7"
"CAGACACCGATCGCTG-1","2"
"CAGACCTGTAAGTGTT-1","4"
"CAGACGAACCTGATAC-1","1"
"CAGAGACGGTCACCCA-1","7"
"CAGAGCATGAGCTTGC-1","7"
"CAGAGGCGATGCATGA-1","1"
"CAGAGTGATTTAACGT-1","7"
"CAGATACTAACATAGT-1","7"
"CAGATATGAAGATGAC-1","2"
"CAGATCATTTAAAGTC-1","7"
"CAGATCCTGGTTTGAA-1","1"
"CAGCAGCCCGTTCCTT-1","7"
"CAGCAGTCCAGACTAT-1","7"
"CAGCAGTCTGTGCTGC-1","7"
"CAGCCCTCACAGGCAG-1","7"
"CAGCCGGGCCCTCTAT-1","7"
"CAGCCTCCTGCAGAGG-1","7"
"CAGCCTCTCCTCAAGA-1","7"
"CAGCGATTCCCTTCAA-1","2"
"CAGCTCGACAAGTTAA-1","7"
"CAGCTCGTGCTTGTGT-1","7"
"CAGCTGGCGTAACCGT-1","2"
"CAGCTTAGTAGGTAGC-1","7"
"CAGGAAGACTTTATAT-1","7"
"CAGGATCCGCCCGACC-1","7"
"CAGGCAGTCTTACCAG-1","7"
"CAGGCCGTTTGGGTGT-1","2"
"CAGGCGCACGGTGGTC-1","1"
"CAGGCGCCATGCTAGG-1","3"
"CAGTAACTATTTATTG-1","7"
"CAGTAATCCCTCCCAG-1","7"
"CAGTACATTCTCTAAA-1","7"
"CAGTACCAGTTTACGT-1","2"
"CAGTAGCCCACGCGGT-1","7"
"CAGTAGCGAGGTAGTA-1","6"
"CAGTCGAGGATGCAAT-1","7"
"CAGTGAATAAATGACT-1","7"
"CAGTGGTTGCACATGA-1","7"
"CAGTGTCCGCAGAATG-1","7"
"CAGTGTCGGCTGGCCC-1","7"
"CAGTGTTAATCTCTCA-1","2"
"CAGTTCAAATTGACAC-1","7"
"CAGTTCCGCGGGTCGA-1","3"
"CATAACGGACAGTCGT-1","7"
"CATAAGAAGCTTGGCT-1","7"
"CATAAGCTCTCCGTCT-1","4"
"CATACAAAGCCGAACC-1","7"
"CATACACGGTTCCCAC-1","3"
"CATACCCGTACCCAGT-1","7"
"CATACGAACTAGCTGG-1","1"
"CATACGGCGTCTGGGC-1","6"
"CATACGGGTGCATGAT-1","6"
"CATACTATGTAATTGT-1","7"
"CATACTTAGGCAATAC-1","7"
"CATAGCCGCCCGGGAT-1","6"
"CATAGCGTTGCCCACC-1","1"
"CATAGTACATTGAGAG-1","7"
"CATAGTAGCATAGTAG-1","7"
"CATAGTCAAATACATA-1","7"
"CATAGTCCACAAGAAC-1","2"
"CATATACTACTGATAA-1","7"
"CATATAGGTACAGTCA-1","2"
"CATATGTCAGGCTACG-1","2"
"CATATTATTTGCCCTA-1","7"
"CATCATCTACCCGGAC-1","7"
"CATCATTACCCTGAGG-1","7"
"CATCCAATATAGTTTG-1","1"
"CATCCGCAGGCCCGAA-1","6"
"CATCCTCTCAAAGATC-1","7"
"CATCGAATGGATCTCT-1","7"
"CATCGCCCGCGGCCAA-1","7"
"CATCGGACGGGTTAAT-1","2"
"CATCTATCCCGTGTCT-1","7"
"CATCTTACACCACCTC-1","7"
"CATGAACCGACATTTG-1","7"
"CATGAACCTCTTATCA-1","7"
"CATGACTTCGCTGAAT-1","7"
"CATGAGATGCACTCTC-1","7"
"CATGATCGCTTTGAGA-1","7"
"CATGATGCACAATTCT-1","4"
"CATGATGGAAGTTAGC-1","7"
"CATGCACGTGTTACTG-1","7"
"CATGCATGGAGACCCT-1","7"
"CATGCCAACTCGCAAA-1","7"
"CATGCGACCAGTTTAA-1","7"
"CATGCGTTAGACAGAA-1","6"
"CATGCTGGCTCCAATT-1","7"
"CATGGAAATGGGACCA-1","6"
"CATGGATTGTCTTCCG-1","7"
"CATGGCAGGAAGATCG-1","7"
"CATGGGTATGCCTTAT-1","7"
"CATGGGTCGGGTGTGG-1","7"
"CATGGTAAGTAGCGTT-1","7"
"CATGGTATTAGTTTGT-1","1"
"CATGGTCTAGATACCG-1","7"
"CATGTAAGAGACATTT-1","7"
"CATGTAGGAGCGCCAA-1","6"
"CATGTCTCATTTATGG-1","7"
"CATTACGTCGGCCCGT-1","4"
"CATTATAACAGGGTCC-1","7"
"CATTATCCCATTAACG-1","1"
"CATTATGCTTGTTGTG-1","7"
"CATTCACTGACAGCTA-1","6"
"CATTGCAAAGCATAAT-1","5"
"CATTGCGAAATGGGCG-1","7"
"CATTTAGCGGACCATG-1","7"
"CATTTATCGTTCAAGA-1","7"
"CATTTCTAGCAGACTA-1","6"
"CATTTGAGTGGTACGT-1","1"
"CCAAACAGAACCCTCG-1","7"
"CCAAATAACAAGATTC-1","7"
"CCAACCTTATGTAACT-1","1"
"CCAACGATGCACTGAT-1","7"
"CCAACGCTTGCCAGGG-1","4"
"CCAAGAAAGTGGGCGA-1","2"
"CCAAGACTTCTGCGAA-1","7"
"CCAAGCGTAACTCGTA-1","7"
"CCAAGGAACAGAGAGG-1","7"
"CCAATAGTGCCGTCGA-1","7"
"CCAATCGGTAGATCGA-1","6"
"CCAATGTCACAGCAAG-1","7"
"CCAATTACGGGTCGAG-1","7"
"CCAATTGAATGTTAAT-1","7"
"CCACAATGTACGTCTT-1","6"
"CCACACTGAGATATTA-1","7"
"CCACAGTACCCATCCT-1","4"
"CCACATACTGCACCCA-1","4"
"CCACCAACTTTACTGT-1","1"
"CCACCCAAGGAAAGTG-1","7"
"CCACGAATTTAACCTC-1","7"
"CCACGAGAAGAGAATC-1","7"
"CCACGGAGCCATAAGA-1","2"
"CCACGGTGCCCGGTAG-1","7"
"CCACTAAACTGAATCG-1","7"
"CCACTGGTGGCTGGTT-1","5"
"CCACTGTTTGGATTAA-1","7"
"CCAGAAAGCAACTCAT-1","1"
"CCAGAGACAAAGCCGG-1","7"
"CCAGATAGTTGAGTGA-1","7"
"CCAGCCTGGACCAATA-1","3"
"CCAGCTCGAACGCATT-1","7"
"CCAGCTGATGGTACTT-1","7"
"CCAGCTTCCGCCCGCA-1","7"
"CCAGGGACGTGGCCTC-1","7"
"CCAGTAGTCTGATCCA-1","7"
"CCAGTCAAATCTCTTA-1","7"
"CCAGTCTAGACGGCGC-1","5"
"CCAGTCTTGTCATAGA-1","7"
"CCATAAACAACCCGAC-1","7"
"CCATACCTTTACTTGT-1","7"
"CCATAGGTTGGCGTGG-1","6"
"CCATAGTCAGTAACCC-1","7"
"CCATATGGAAACTATA-1","7"
"CCATCCATACCAAGTC-1","7"
"CCATCGCAGTTAAACT-1","3"
"CCATCTCACCAGTGAA-1","7"
"CCATGCCCTAGATTTC-1","7"
"CCATGCCTGTTTAGTA-1","7"
"CCATGCTCTGCAGGAA-1","7"
"CCATGGCCCTTGTACC-1","7"
"CCATGTTCATCTATAT-1","1"
"CCATTAGCGATAATCC-1","7"
"CCATTCCCTGCCCACA-1","7"
"CCATTTCTACCTATTA-1","7"
"CCCAAACATGCTGCTC-1","7"
"CCCAACATACGTCGCG-1","2"
"CCCAACCACACTAACA-1","7"
"CCCAAGAATGCACGGT-1","7"
"CCCAATGAGATTTGCA-1","1"
"CCCAATTTCACAACTT-1","6"
"CCCAGAGGAGGGCGTA-1","7"
"CCCAGGTCTGAAGGCT-1","7"
"CCCAGTAAACTTGGGA-1","2"
"CCCAGTTAAGGCGCCG-1","7"
"CCCATATAGGTCGATT-1","7"
"CCCGAAGTTTCGCGAA-1","4"
"CCCGACCATAGTCCGC-1","3"
"CCCGAGTTTCTCCGTA-1","7"
"CCCGCAGCGCGAACTA-1","7"
"CCCGCAGGGCCCAAAG-1","6"
"CCCGCCATGCTCCCGT-1","7"
"CCCGCGCAATGCACCC-1","6"
"CCCGCTAGAGGGTTAA-1","5"
"CCCGGCACGTGTCAGG-1","4"
"CCCGGGTCGTTCAGGG-1","7"
"CCCGGTGGAAGAACCT-1","7"
"CCCGGTGTATCGGAAT-1","1"
"CCCGTAAGTCTAGGCC-1","3"
"CCCGTAGCTGGGAAGA-1","1"
"CCCGTCAGCGTCTGAC-1","7"
"CCCGTTTCGCAGATGT-1","7"
"CCCTATGTAGAGCAGA-1","1"
"CCCTCATTCTGGAATT-1","7"
"CCCTCCTCGCTCGTAT-1","7"
"CCCTGAAATGAGTTGA-1","4"
"CCCTGACTAACAAATT-1","7"
"CCCTGCCCAATCCGCT-1","7"
"CCCTGCGCTACGCATA-1","7"
"CCCTGGTATGGGCGGC-1","7"
"CCCTTCTCGTACGCGA-1","6"
"CCCTTTAATGGAGTTC-1","7"
"CCCTTTGACAGGTCTT-1","2"
"CCGAAAGTGGTGAGCA-1","7"
"CCGAACCTTCCCGGCC-1","7"
"CCGAAGTATATTGTTC-1","6"
"CCGACAAACACATGAG-1","7"
"CCGACAAAGGGAGTGC-1","7"
"CCGACAATAGGCCGCC-1","7"
"CCGACGGGCATGAGGT-1","1"
"CCGACGTAAACACAAC-1","7"
"CCGACTCGCATAGTCT-1","7"
"CCGAGAAGTCGCATAA-1","7"
"CCGAGCTGTGCTTGTC-1","7"
"CCGAGGGATGTTAGGC-1","7"
"CCGATCTCAACCTTAT-1","7"
"CCGATTCGAGGGACCC-1","7"
"CCGATTGGTCAATGAA-1","7"
"CCGCACAAAGACCAAC-1","7"
"CCGCACGTGACCTCGG-1","7"
"CCGCATGTGGTACGAT-1","7"
"CCGCCACCACAATCCA-1","7"
"CCGCCGGAACTTCTCG-1","2"
"CCGCCGGTCAACACAC-1","7"
"CCGCCGTTGAGGATAA-1","7"
"CCGCCTGCGAATTGGT-1","4"
"CCGCGATTTGGTAGGT-1","2"
"CCGCGGAATGCGTCAC-1","2"
"CCGCGGGTACGAAGAA-1","7"
"CCGCTATCAGCACCAG-1","7"
"CCGCTCTTCCGAACTA-1","7"
"CCGCTGGTGCCATTCA-1","7"
"CCGCTTACCTCACTCT-1","2"
"CCGCTTCGCGGTTAAC-1","6"
"CCGCTTGCTGACATGG-1","7"
"CCGGAATGGTTTCAGT-1","7"
"CCGGAGCGTACTTTCT-1","2"
"CCGGCACGACCGTTTC-1","7"
"CCGGCGCATATTGGAT-1","7"
"CCGGCGTGAGACTCTG-1","4"
"CCGGGACCCGCAGAGA-1","7"
"CCGGGCGGTCTCGTCA-1","7"
"CCGGGCTAAGAATTTC-1","2"
"CCGGGCTGCTCCATAC-1","7"
"CCGGGTTCGAGGTTAC-1","3"
"CCGGTAATGGCTAGTC-1","4"
"CCGGTTTGTAATTGTG-1","2"
"CCGTAAGTTGGTCCCA-1","7"
"CCGTACCCAAGCGCCA-1","6"
"CCGTAGGAAATCCCTG-1","7"
"CCGTAGGGTTGTTTAC-1","7"
"CCGTATCTCGTCGTAG-1","1"
"CCGTATTAGCGCAGTT-1","7"
"CCGTCAACCTCTGGCG-1","1"
"CCGTGCCCATGACGGC-1","7"
"CCGTGGAACGATCCAA-1","7"
"CCGTTACGTTAGAACA-1","7"
"CCGTTCCGAATCTCGG-1","6"
"CCTAAACAGGGTCCGT-1","5"
"CCTAAAGGCTGACGCT-1","7"
"CCTAAATTAACGGTTC-1","7"
"CCTAAATTGTATCCTA-1","7"
"CCTAACCCAAACAAGT-1","7"
"CCTAACTAAGGCTCTA-1","7"
"CCTAAGTGTCTAACCG-1","6"
"CCTACAAGTCCGGAAT-1","4"
"CCTACATTCACAGACG-1","1"
"CCTACGCGACCTTACA-1","7"
"CCTACGGCTCAGTCGA-1","7"
"CCTACTGCTTACACTT-1","7"
"CCTAGGCGTAGCGATC-1","7"
"CCTAGGTAAAGGTAGC-1","2"
"CCTAGTTAGTCGCATG-1","7"
"CCTATAATGAGTGCCC-1","7"
"CCTATACCGTCCTGTC-1","2"
"CCTATATCGTGTCACG-1","1"
"CCTATATTTGTCCTGG-1","2"
"CCTATCTATATCGGAA-1","4"
"CCTATGAAGTGGTGCC-1","7"
"CCTATGGCTCCTAGTG-1","2"
"CCTATGGGTTACCGTC-1","7"
"CCTATGGTCAAAGCTG-1","7"
"CCTATGTCCACTCCAC-1","7"
"CCTCACCAATCTTGAC-1","7"
"CCTCACCTGAGGGAGC-1","7"
"CCTCACCTTAGCATCG-1","7"
"CCTCATGCAGCTACGA-1","7"
"CCTCCCGACAATCCCT-1","7"
"CCTCCGACAATTCAAG-1","7"
"CCTCCTAGCTAGAGTC-1","1"
"CCTCCTGTTGTGTCGT-1","7"
"CCTCGAAGTGGACGGG-1","4"
"CCTCGACCCACTGCCT-1","5"
"CCTCGCCAGCAAATTA-1","7"
"CCTCGCGCGATATAGG-1","7"
"CCTCGCGCTGTGCGAT-1","3"
"CCTCGGACCGGGATAG-1","7"
"CCTCGGATGCTACCTG-1","6"
"CCTCGGTTTCCTTGCC-1","2"
"CCTCTAATCTGCCAAG-1","4"
"CCTCTACAAGGATTGG-1","1"
"CCTCTATCGATTAGCA-1","1"
"CCTCTCTCCCATCTAG-1","7"
"CCTCTGGCCTAGACGG-1","7"
"CCTCTGTACTATTCTA-1","7"
"CCTGAACGATATATTC-1","7"
"CCTGAATATTTACATA-1","7"
"CCTGACGCAACCTTTA-1","7"
"CCTGCGTTCTACGCTT-1","6"
"CCTGCTATTTGAGAAG-1","7"
"CCTGGAAACGTTCTGC-1","4"
"CCTGGCTAGACCCGCC-1","7"
"CCTGGTCGAATGTGGG-1","7"
"CCTGTAAGACATGATA-1","7"
"CCTGTACTCACGCCCA-1","7"
"CCTGTCACCCGGGCTC-1","7"
"CCTGTCCCTCACGTTA-1","5"
"CCTGTCGCCCGTAAAT-1","7"
"CCTGTGCATAGGAGAC-1","7"
"CCTGTGCGGATTGTAA-1","6"
"CCTGTTTGAAGACACG-1","7"
"CCTTCAGTTAAAGTGA-1","1"
"CCTTCGTATAGAATCC-1","2"
"CCTTCTTGATCCAGTG-1","7"
"CCTTGACCACTTTATT-1","7"
"CCTTTAAGGGAGCACT-1","2"
"CCTTTCAATGAAGAAA-1","7"
"CGAAACATAGATGGCA-1","7"
"CGAAACGCAATTCATG-1","7"
"CGAACAGTATGGGCGT-1","7"
"CGAACCCGCATGCGTC-1","2"
"CGAACGCCCAGTGCCG-1","6"
"CGAACGGCCGGACAAC-1","2"
"CGAAGACTGCCCGGGA-1","6"
"CGAAGCTATAAATTCA-1","7"
"CGAAGGGTTTCAGATT-1","1"
"CGAAGTTGCTCTGTGT-1","7"
"CGAATCTGCTCGACGC-1","2"
"CGAATGAAGTCATTGC-1","1"
"CGAATGACGCATAATG-1","4"
"CGAATTACATGGTGTT-1","7"
"CGACAATTTGATCTAA-1","7"
"CGACACGCTCCGACAG-1","7"
"CGACATGCGATCTTCT-1","7"
"CGACCCTTAACGCCGG-1","2"
"CGACGCATCCGTACCT-1","2"
"CGACTCAGGATGTTAT-1","7"
"CGACTTTGTATAGCCT-1","7"
"CGAGAGATGTGAACCT-1","7"
"CGAGAGCGCGTAGATA-1","4"
"CGAGAGCTTTCACTAC-1","7"
"CGAGAGGGTAGCCGCG-1","7"
"CGAGATGTTGCCTATA-1","6"
"CGAGATTTCGCTCGGG-1","7"
"CGAGCACTTCAAGTTT-1","6"
"CGAGCGTTGATCAGCC-1","7"
"CGAGCTGGGCTTTAGG-1","7"
"CGAGGCCAGGCATTGG-1","6"
"CGAGGCTAAATATGGC-1","3"
"CGAGGGACTGCGGTCG-1","7"
"CGAGGGTATCCAGGTG-1","2"
"CGAGTACTAAAGAGGA-1","2"
"CGAGTGAAGGTACCAG-1","2"
"CGAGTGCTATAGTTCG-1","7"
"CGAGTTCTGTCCCACC-1","7"
"CGAGTTTATCGGACTG-1","7"
"CGATAATACTCAGGTT-1","7"
"CGATACCTCGCGGACA-1","2"
"CGATAGCGATACAGTG-1","1"
"CGATAGTCGTACTGCA-1","7"
"CGATCCGACCCAGTGC-1","2"
"CGATCCTCGCAACATA-1","1"
"CGATCTGTTGGAGGAC-1","1"
"CGATGGACCCTACGCC-1","7"
"CGATGTTGTTATCTAC-1","1"
"CGATTAAATATCTCCT-1","7"
"CGATTCGCCTGGCTGC-1","7"
"CGCAAACACGAGTTAC-1","4"
"CGCAATTACTTTCGGT-1","7"
"CGCAATTAGGGTAATA-1","7"
"CGCAATTCTACAATAA-1","7"
"CGCACATGTCCACTAC-1","7"
"CGCACGTCTGTTTATG-1","2"
"CGCACGTGCGCTATCA-1","7"
"CGCAGAAACATTTGCG-1","7"
"CGCAGATCTTCACCCG-1","7"
"CGCAGGCGATCCAAAC-1","7"
"CGCATCATGGCTTCAG-1","7"
"CGCATGGTGCGATGCT-1","7"
"CGCATTAGCTAATAGG-1","7"
"CGCCAAGAAGCCGAGT-1","6"
"CGCCACAGGTCGCGAT-1","2"
"CGCCATCCGATTATGA-1","4"
"CGCCCAGCACGCCTAG-1","2"
"CGCCCAGCGTTTCACG-1","7"
"CGCCCGCTTCCGTACA-1","7"
"CGCCCTAATTGTTCAA-1","1"
"CGCCCTTACATCCACC-1","7"
"CGCCCTTGAAGGCTGA-1","7"
"CGCCGCCCATGCCTGT-1","7"
"CGCCGCGTTCTGAACG-1","2"
"CGCCGTTCAGCATAGT-1","7"
"CGCCTCCCTCCTCTAT-1","7"
"CGCCTGGCCTACGTAA-1","7"
"CGCCTTTAGCATGCTC-1","7"
"CGCGAAGTGGCATACT-1","7"
"CGCGACCGCGACAGAT-1","7"
"CGCGAGAGGGACTTGT-1","7"
"CGCGAGTCTGCCGGGT-1","1"
"CGCGCAAATGTCCAGA-1","1"
"CGCGCAAGGAACTACA-1","7"
"CGCGCATGTTTGATTG-1","2"
"CGCGCCCGACTTAATA-1","7"
"CGCGGCTCAACTTGAA-1","7"
"CGCGGGAATTAGGCAG-1","7"
"CGCGGTCACAAACCAA-1","7"
"CGCGTCATATTAAACC-1","5"
"CGCGTGCTATCAACGA-1","6"
"CGCGTTCATGAAATAC-1","7"
"CGCTACGGGACATTTA-1","6"
"CGCTAGAGACCGCTGC-1","7"
"CGCTATACCGCCCACT-1","7"
"CGCTATTCAATGTATG-1","7"
"CGCTATTCTTAGGCTC-1","3"
"CGCTCGACATAATGAT-1","7"
"CGCTCTCCGTAGATTA-1","7"
"CGCTGGTGACTACCCT-1","7"
"CGCTGTGACGCCGCAC-1","3"
"CGCTGTGTGGATGTTG-1","1"
"CGCTTAGTATTGATAC-1","2"
"CGCTTATTCCCGGTCG-1","6"
"CGCTTCCACTGAAATC-1","7"
"CGCTTCGGTCTAAGAC-1","6"
"CGCTTTCATACCGGTG-1","7"
"CGCTTTCTTGCATTCG-1","7"
"CGGAAAGAATCAAACG-1","2"
"CGGAAATTTCACATCC-1","7"
"CGGAACGTAAACATAG-1","1"
"CGGAGCAATTTAATCG-1","4"
"CGGAGCATGGCGATCC-1","7"
"CGGAGCTTATAACACC-1","7"
"CGGAGTTTGAGAGACA-1","7"
"CGGATAAGCGGACATG-1","6"
"CGGATCCTCAAGGACT-1","7"
"CGGCAAACATCGTGCG-1","3"
"CGGCAATAAGATCGCC-1","7"
"CGGCACCGTTAGCGCC-1","7"
"CGGCACTCAAGAAAGT-1","6"
"CGGCAGGGTCGGGTTG-1","7"
"CGGCCAGAGCGACCAT-1","2"
"CGGCCCAACCTGTAGT-1","7"
"CGGCCCAGGTATATCC-1","7"
"CGGCGCCATCAATCCC-1","7"
"CGGCTCTAAAGCTGCA-1","7"
"CGGCTCTTCGTCGAAC-1","7"
"CGGCTGCAAGATTAAG-1","7"
"CGGCTTTGTATGATAA-1","7"
"CGGGAATATAGTATAC-1","7"
"CGGGAATTTATGTAAA-1","2"
"CGGGAGCTTCAGTGTA-1","7"
"CGGGAGTATACCGCCG-1","6"
"CGGGATCAATGTAAGA-1","7"
"CGGGCAGCTAAACCGC-1","7"
"CGGGCCTTCTTTGTAA-1","2"
"CGGGTGTACCCATTTA-1","7"
"CGGGTTCGGCACGTAT-1","6"
"CGGGTTGTAGCTTTGG-1","6"
"CGGGTTTGTTAGGGCT-1","7"
"CGGTACTAGAATCAAA-1","7"
"CGGTAGAGGTGCAGGT-1","7"
"CGGTATAGGTATTAGC-1","7"
"CGGTCAAGTGGGAACC-1","7"
"CGGTCCGTCGCAAGCC-1","2"
"CGGTCTATCAACCCGT-1","7"
"CGGTGAAGACTAAAGT-1","7"
"CGGTGCAGATAGAACG-1","2"
"CGGTGCGCGTTGGTCC-1","1"
"CGGTGGGCTCCAGCCT-1","7"
"CGGTGTACTTGATCCC-1","7"
"CGGTTATCCAACAGTG-1","7"
"CGGTTCAAGTAGGTGT-1","7"
"CGGTTGACCTGGCATA-1","7"
"CGGTTGAGTATCCTTC-1","1"
"CGGTTGGGTTCAAGTT-1","7"
"CGGTTTATGAAGGAAC-1","4"
"CGTAAACGCTTGAGTG-1","6"
"CGTAACTTCGACACTT-1","2"
"CGTACCTGATAGGCCT-1","3"
"CGTAGAGAGTAATTAT-1","7"
"CGTAGCGAATTGTCAG-1","7"
"CGTAGCGCCGACGTTG-1","7"
"CGTATTAAGAGATCTA-1","7"
"CGTCAAGGCTATAAAT-1","4"
"CGTCACGTCCATTGGT-1","2"
"CGTCAGTGCGCACAAG-1","7"
"CGTCAGTTTATCGTCT-1","6"
"CGTCATACCATATCCA-1","7"
"CGTCGCATGTGAGCCA-1","7"
"CGTCGCTTGGTTATAC-1","1"
"CGTCGGATAGTGTTGA-1","7"
"CGTCGGGTCTAAGCGC-1","1"
"CGTCGTCCTTCGCGAA-1","7"
"CGTCTGGAAGGGCCCG-1","6"
"CGTGAAGTTAATTCAC-1","2"
"CGTGACATTGGGTCGT-1","6"
"CGTGACCAGTCCTCTG-1","3"
"CGTGCAGACTGGGACA-1","7"
"CGTGCATTGTCGACGC-1","7"
"CGTGCCCGACATTTGT-1","6"
"CGTGCCCTCCCGAAGA-1","7"
"CGTGCTTCTACCTAAA-1","1"
"CGTGGCCGAATATCTA-1","7"
"CGTGGTACCCAAAGGC-1","1"
"CGTGTCCCATTCGCGA-1","3"
"CGTGTGTTAAACCCTG-1","7"
"CGTTAAACTAGTTAGG-1","7"
"CGTTAATGTCCCGACG-1","7"
"CGTTAGCTCACAACTG-1","7"
"CGTTCAGACCCGCGAA-1","3"
"CGTTCATGGTGCGCGT-1","2"
"CGTTCTTCGCACACCT-1","7"
"CGTTGAATACCGCGCT-1","7"
"CGTTGAGCGACCGTCG-1","7"
"CGTTGAGTAATTGCGT-1","7"
"CGTTGCCCGCGTGGGA-1","2"
"CGTTGTAAACGTCAGG-1","6"
"CGTTGTAAGATTGATT-1","7"
"CGTTGTCGGCAATTGA-1","7"
"CGTTGTTTCAATTCCC-1","7"
"CGTTTAAGCGGAGCAC-1","7"
"CGTTTCACTTCGGGCG-1","7"
"CGTTTCGCTCATTACA-1","7"
"CGTTTGTGTAGAGGGT-1","1"
"CTAAAGAATGCCTACT-1","7"
"CTAAAGGGAAATAGGA-1","7"
"CTAAAGTCCGAAGCTA-1","7"
"CTAAATCCGGTGTACA-1","1"
"CTAAATCCTATTCCGG-1","7"
"CTAACCGCGCGCCCGT-1","7"
"CTAACGAAACTTGCTG-1","4"
"CTAACTGATAATCGCC-1","7"
"CTAACTGGTCCGGTTC-1","1"
"CTAAGGGAATGATTGG-1","7"
"CTAAGTACAGGGCTAC-1","4"
"CTAATTCGCACGCGCT-1","7"
"CTAATTCTCAGATATT-1","7"
"CTAATTTCAACAACAC-1","7"
"CTACAAGAAATAACCC-1","1"
"CTACACTCGCAGATGG-1","4"
"CTACATATCGCGGGAC-1","1"
"CTACCCTAAGGTCATA-1","7"
"CTACGAACTAGGTCGA-1","7"
"CTACGACTAGCTATAA-1","7"
"CTACGATCCTATCCTA-1","1"
"CTACGCACGGAGTACC-1","7"
"CTACGCCATTTCCGAT-1","7"
"CTACTATCATAGGTTT-1","2"
"CTACTATCTTTCAGAG-1","7"
"CTACTCAAGGTATAGT-1","2"
"CTACTCTAGGCCCGGC-1","7"
"CTACTGCCACCTGACC-1","5"
"CTAGACATATATGTAG-1","4"
"CTAGACTGCATTTCGT-1","7"
"CTAGATGTGAGTGTAA-1","7"
"CTAGATTTACGACGGC-1","7"
"CTAGCAACTAATTTAC-1","7"
"CTAGCATAGTATAATG-1","6"
"CTAGCCGATGTTATGA-1","4"
"CTAGGCGCCCTATCAG-1","7"
"CTAGGGATAGGGACAA-1","2"
"CTAGGTCTGAAGGAAT-1","7"
"CTAGGTTCGGACGTGA-1","7"
"CTAGTAGAAAGGGATT-1","7"
"CTAGTATTCGGAATTA-1","4"
"CTAGTCACGTCTTAAG-1","7"
"CTAGTGAAGGACAGGA-1","7"
"CTAGTTACAACCCGGT-1","7"
"CTAGTTGGGCCCGGTA-1","7"
"CTATAAGAGCCAATCG-1","7"
"CTATAGGCGTTGATGT-1","1"
"CTATCGACGAAATACA-1","7"
"CTATCGGGTCTCAACA-1","7"
"CTATGCCCGAATGCAA-1","7"
"CTATGGGAAGCGGAAT-1","5"
"CTATGTCACTAGCCCA-1","7"
"CTATGTCTATTGAAAC-1","7"
"CTATTGTGTTTGGTCA-1","7"
"CTATTTGCTTGGAGGA-1","2"
"CTATTTGGTTACGGAT-1","7"
"CTCAAACCACTGCCCG-1","1"
"CTCAACTAACCCGGAT-1","7"
"CTCAAGACATTAGCGC-1","7"
"CTCACATTTACTAAAT-1","3"
"CTCACTGTGATACTTA-1","7"
"CTCACTTGGCTGGTAA-1","7"
"CTCAGGACTCACCTGT-1","7"
"CTCAGTCACGACAAAT-1","7"
"CTCATAAATGTGTATA-1","7"
"CTCATGGCTCACAATC-1","7"
"CTCATGGTAATTTGCG-1","2"
"CTCATTGCTCTAACAA-1","7"
"CTCATTTGATGGGCGG-1","6"
"CTCCCAATGAGTCGCG-1","7"
"CTCCCTCCTTTCGATC-1","1"
"CTCCGCCCACATGAGG-1","2"
"CTCCGGCCTAATATGC-1","7"
"CTCCGGCTTGTAGACA-1","7"
"CTCCTAAGTTATGTCT-1","7"
"CTCCTCCAGCTCACAC-1","2"
"CTCCTGTTCAAGGCAG-1","4"
"CTCCTTTACGCAAGTC-1","7"
"CTCGAATGGAACGTAT-1","7"
"CTCGAGGTCGAACAGT-1","7"
"CTCGATATTTGCGAGC-1","7"
"CTCGCACCTATATAGT-1","4"
"CTCGCATTGCATAGCC-1","1"
"CTCGCCGAATGTAGGG-1","7"
"CTCGGGCATCGTCGGG-1","6"
"CTCGGGTTCTCTGGCC-1","1"
"CTCGGTACCACTGCTC-1","4"
"CTCGGTCCGTAGCCTG-1","7"
"CTCGGTTGTCGGCCCT-1","1"
"CTCGTCGAGGGCTCAT-1","1"
"CTCGTTACGGCTACCA-1","2"
"CTCGTTTCTAATGTTT-1","7"
"CTCTAATGCATTGATC-1","7"
"CTCTAGCCCTCGGAAA-1","7"
"CTCTATTTGGCTGCAG-1","7"
"CTCTCACAATCGATGA-1","7"
"CTCTCGATGTGCGCCT-1","7"
"CTCTCTAACTGCCTAG-1","1"
"CTCTGCGAAGCAAGCA-1","6"
"CTCTGGACGCCTGGTG-1","7"
"CTCTGTTTGAGGATTC-1","7"
"CTCTTCTATTGACTGG-1","7"
"CTCTTCTGGAAGTTAG-1","1"
"CTGAAAGAGATCCGAC-1","7"
"CTGAATCCGAGACCTC-1","2"
"CTGAATTTATTGCCAG-1","7"
"CTGACATAGAAATAGA-1","6"
"CTGACTGCGCAGCTCG-1","7"
"CTGAGAAAGTTCGGCG-1","3"
"CTGAGCAAGTAACAAG-1","6"
"CTGATAGTGTATCTCA-1","7"
"CTGCAAATGGGCTCCA-1","7"
"CTGCAAGCACGTTCCG-1","7"
"CTGCACAACTACATAT-1","7"
"CTGCACCTGGAACCGC-1","7"
"CTGCACTCCAGTACAG-1","6"
"CTGCAGAGAATCAGAG-1","7"
"CTGCCAAGGTTGGAAG-1","3"
"CTGCCTAGCCACCAAG-1","7"
"CTGCCTTTAATACCTT-1","1"
"CTGCCTTTCTAGTAAA-1","7"
"CTGCGGGTGAAATGTT-1","7"
"CTGCGGTAGTCACGTG-1","7"
"CTGCGTTACGATATAA-1","7"
"CTGCTGAGGCCACGAA-1","1"
"CTGCTGTCTAACGAGC-1","4"
"CTGCTTGGCGATAGCT-1","7"
"CTGCTTTATGTCCGCG-1","7"
"CTGGAAATGGATGCTT-1","7"
"CTGGAAGACACGGTGG-1","7"
"CTGGACGCAGTCCGGC-1","2"
"CTGGATTTACACTTGA-1","2"
"CTGGCATCCGAATGAG-1","1"
"CTGGCGACATAAGTCC-1","7"
"CTGGCGATTTACATGT-1","7"
"CTGGCGCACAGGTCTG-1","7"
"CTGGCGGGAATAAGTA-1","7"
"CTGGCTGATTCATCCT-1","7"
"CTGGCTGCTAACGTAA-1","4"
"CTGGCTGGTTGTCAGT-1","2"
"CTGGGATAAATAATGG-1","7"
"CTGGGATACGCTACCC-1","4"
"CTGGGATCGCCCAGAT-1","7"
"CTGGGCACTAGTCGGA-1","4"
"CTGGGCCTGCTATATC-1","2"
"CTGGGCGGCCAAATGT-1","7"
"CTGGGTAGGCAGTTAA-1","7"
"CTGGGTTGAGTTAAAG-1","2"
"CTGGTAAAGTGTGGGC-1","7"
"CTGGTAACACATAGAA-1","7"
"CTGGTAACGAGCTCTT-1","7"
"CTGGTCATTCCAATCC-1","6"
"CTGGTCCTAACTTGGC-1","6"
"CTGGTGAATGGGCCTA-1","1"
"CTGGTTCAACGCATCA-1","6"
"CTGGTTTCGAGCAAGA-1","7"
"CTGTACTTCTTAGCAT-1","3"
"CTGTAGCCATCTCACT-1","2"
"CTGTAGTGAGGATCGA-1","2"
"CTGTATGGTGTAGAAA-1","7"
"CTGTCAAATGGCTCGG-1","7"
"CTGTCACGCCAGGCGC-1","4"
"CTGTGCAGGGTAGGTC-1","7"
"CTGTGGTCGGGAGATA-1","7"
"CTGTTACCCAATCTAG-1","2"
"CTGTTCACTGCCTGTG-1","7"
"CTGTTGTTCAGTCGTA-1","1"
"CTTAACTTCGAAGTAC-1","7"
"CTTACACGGTATTCCA-1","7"
"CTTACACTGGGAAATA-1","7"
"CTTAGCCTTCCACATG-1","7"
"CTTAGGTATAGACCAG-1","1"
"CTTAGTAGGCCTACAG-1","7"
"CTTAGTGTAGTAGCAT-1","7"
"CTTAGTTGAGGAATCG-1","1"
"CTTATGCGCTCAGGGC-1","4"
"CTTATGTTGACTACCA-1","6"
"CTTCAACTCCACTTGG-1","7"
"CTTCAGTGGTCGCCTA-1","2"
"CTTCATAGCTCAAGAA-1","7"
"CTTCATTGTCAGTGGA-1","7"
"CTTCCGCTCCGTGAAG-1","2"
"CTTCCTGCATATTTAC-1","6"
"CTTCGGCCAATTGTTT-1","7"
"CTTCGTAGATAGGTGA-1","7"
"CTTCTATGTTGAAGTA-1","2"
"CTTCTATTAATGCTAG-1","1"
"CTTCTGGGCGTACCTA-1","1"
"CTTCTTACGTCGTATA-1","7"
"CTTGACCCGAAAGATA-1","7"
"CTTGAGTTAGGGTAAT-1","7"
"CTTGCCCAGGCTCTAC-1","2"
"CTTGTACTTGTTGACT-1","7"
"CTTGTCAACATTCGAG-1","7"
"CTTGTCGTACGTGTCA-1","6"
"CTTGTGAGGACAGCGG-1","6"
"CTTGTGAGTCTTTGAC-1","6"
"CTTGTGCTCACCGATT-1","7"
"CTTGTTGCTGAGTCAA-1","7"
"CTTGTTTATGTAGCCA-1","7"
"CTTTAACTTTCAAAGG-1","7"
"CTTTAATATTGGTCGA-1","7"
"CTTTACCGAATAGTAG-1","7"
"CTTTAGGAACACTGTT-1","7"
"CTTTAGTGCTATTATT-1","4"
"CTTTCTGTGCGGGCTT-1","3"
"CTTTGAAACATATTCC-1","7"
"CTTTGCATCGCTCTTG-1","7"
"CTTTGGCGCTTTATAC-1","7"
"CTTTGGCTTTAGTAAA-1","7"
"CTTTGGGATTGTTGCA-1","2"
"GAAACAGATGACCACC-1","7"
"GAAACAGCCATGCAGT-1","7"
"GAAACATAGGAAACAG-1","1"
"GAAACCATGGTGCGCT-1","7"
"GAAACCGAATTACCTT-1","2"
"GAAACCTATACAAATG-1","2"
"GAAACTCGTGCGATGC-1","7"
"GAAACTCTAATGAAGG-1","7"
"GAAAGAACAGCGTTAT-1","7"
"GAAAGCAGTGCACTTT-1","2"
"GAAAGCCCTTTGGACC-1","7"
"GAAAGTGACTAACTGC-1","7"
"GAAATACCTGCTGGCT-1","7"
"GAAATACTAAACGTTT-1","6"
"GAAATATCACCATCAG-1","7"
"GAAATATGCTTGAATG-1","6"
"GAAATCGCGCGCAACT-1","7"
"GAAATGGCGGTGTTAG-1","7"
"GAAATTAGCACGGATA-1","7"
"GAAATTCACATCGCTG-1","7"
"GAAATTGTCTCTATAA-1","2"
"GAACAACTGGGATGAA-1","7"
"GAACACACATCAACCA-1","7"
"GAACAGATTACTAAAT-1","7"
"GAACCATCTGGGAGAC-1","7"
"GAACCCTCTGTGTTCT-1","7"
"GAACCTCGACCTACAC-1","4"
"GAACCTTTAACGATCC-1","3"
"GAACGACCGAATGATA-1","7"
"GAACGCGGGTCACACG-1","7"
"GAACGTCTCATGGTCG-1","7"
"GAACGTTAGGAAGACG-1","7"
"GAACTGTGGAGAGACA-1","2"
"GAACTTAGCGCCCGGT-1","7"
"GAAGAAACGATATTGT-1","1"
"GAAGAACGGTGCAGGT-1","7"
"GAAGACTTCAATGCCG-1","7"
"GAAGCAAGGCAATGTT-1","6"
"GAAGCCACTGATTATG-1","3"
"GAAGCCTGCACATTCC-1","4"
"GAAGCGTGAGGAATTT-1","7"
"GAAGCTCGGACCCGTC-1","1"
"GAAGCTTGCTGACCGC-1","7"
"GAAGGACTAAATTGAA-1","4"
"GAAGGAGTCGAGTGCG-1","4"
"GAAGGGCATAACCATG-1","7"
"GAAGTCTCCCTAGCGA-1","7"
"GAAGTGATTTATCGTG-1","2"
"GAAGTGCTGGATAGCT-1","7"
"GAAGTTTCCACTCAAT-1","7"
"GAATAGACGCGACCCA-1","7"
"GAATAGCATTTAGGGT-1","7"
"GAATAGCCCTGCGGTC-1","7"
"GAATAGTGCTCGATTA-1","1"
"GAATATTCGGAGTCCC-1","6"
"GAATCGACATGGTCAC-1","7"
"GAATCGCCGGACACGG-1","7"
"GAATCTATACTCGGAC-1","5"
"GAATCTGAACATTCTC-1","2"
"GAATGCCGAAATGACC-1","6"
"GAATGCGAATCGGTTC-1","7"
"GAATGTATGGCAGGTC-1","7"
"GAATGTGGTCCGGATT-1","7"
"GAATGTTGGGTAATCT-1","4"
"GAATTATAGTGAAAGG-1","7"
"GAATTCACCCGGGTGT-1","1"
"GAATTTCTCGCTGCAG-1","7"
"GACAAACATATGCAGG-1","7"
"GACAACGACCATTGAA-1","3"
"GACAACGCAGCTTACG-1","7"
"GACAAGAGATGAGATT-1","6"
"GACACAAGGGAAGAAA-1","6"
"GACACGAGTTAGAGGA-1","7"
"GACACTGAGTTCAGTG-1","2"
"GACACTGGAACCCGAT-1","7"
"GACAGATTTCTGGCTC-1","4"
"GACAGCCAGACCTGAC-1","7"
"GACAGGCACACACTAT-1","7"
"GACATCCGTCGAACTG-1","7"
"GACATCGATTTATAAC-1","1"
"GACCAAACGTTGACTG-1","7"
"GACCAGAGCCCTGTAG-1","3"
"GACCAGGTCATTCATA-1","7"
"GACCCAATTATGATAC-1","1"
"GACCCGTCGCCGGCTA-1","7"
"GACCGACGTGAAAGCA-1","7"
"GACCGACTGAAGCGTC-1","7"
"GACCGATTAAATATGT-1","1"
"GACCGCGTCTGACGTG-1","7"
"GACCGTCAGGTCGTGA-1","7"
"GACCGTGCTGACGGTG-1","2"
"GACCTTCCACGTCTAC-1","7"
"GACGACGATCCGCGTT-1","7"
"GACGAGGCTAATAAAC-1","7"
"GACGCATACCCGTCGG-1","1"
"GACGCCGTAAAGGCTA-1","2"
"GACGCCTGTTGCAGGG-1","7"
"GACGGACCGCGTTCCT-1","7"
"GACGGGATGTCTTATG-1","7"
"GACGGGTTGGCCCGTA-1","2"
"GACGGTCAATAGAAGC-1","7"
"GACTAACACAGCACCT-1","7"
"GACTAAGATCATGCAC-1","7"
"GACTAAGTAGGCTCAC-1","7"
"GACTACAAAGCGGTGG-1","1"
"GACTACAATTGCTCGT-1","7"
"GACTAGGCCGTTAGGT-1","7"
"GACTCACCCACGTGAG-1","7"
"GACTCCCAGAATAAGG-1","7"
"GACTCCTTCCAATTGA-1","1"
"GACTCGCGGGAATGAC-1","7"
"GACTCGGTCGGCGGAT-1","6"
"GACTGATTGGTCACAA-1","7"
"GACTGCAAATCGAGCT-1","7"
"GACTGCACCAGCCCAG-1","6"
"GACTGCGGCACGTGTA-1","7"
"GACTGCTGGTGAGAAA-1","1"
"GACTGGGCGCCGCAAC-1","7"
"GAGACTGATGGGTAGA-1","7"
"GAGAGGGCGCGAGGTT-1","7"
"GAGAGGTGCATTCTGG-1","2"
"GAGAGTCTCGGGAGAG-1","2"
"GAGATCTGCTTGGCAT-1","7"
"GAGATCTGTCACTCCG-1","3"
"GAGATCTTCCATGACA-1","7"
"GAGATGGGAGTCGACA-1","7"
"GAGCACCTGTGTCCAG-1","3"
"GAGCATCAACAACTTG-1","1"
"GAGCATCATCCCTGGG-1","7"
"GAGCCACGGTAGTAGG-1","7"
"GAGCCAGCTACCTGTG-1","7"
"GAGCCGAGCGTTTATT-1","7"
"GAGCGAGGGAGTACCG-1","7"
"GAGCGCAAATACTCCG-1","7"
"GAGCGCGCACGAGTAG-1","7"
"GAGCGCTGTTAGGTAA-1","1"
"GAGCGGAATGCGGTGT-1","2"
"GAGCTAAGGGCATATC-1","3"
"GAGCTCTCGGACCTAA-1","5"
"GAGCTGTCGTCTCGGA-1","7"
"GAGGAATGGAGAGGTT-1","7"
"GAGGATAAACAGTGCT-1","4"
"GAGGCCCGACTCCGCA-1","1"
"GAGGCCTGTTGATACA-1","7"
"GAGGCTATCAAAGTCG-1","7"
"GAGGGAGTCAGATCGC-1","1"
"GAGGGCATCGCGTATC-1","7"
"GAGGGCGCAGCTCTGC-1","7"
"GAGGGTAGTAACAAAG-1","1"
"GAGGTACATCCATCTT-1","7"
"GAGGTACGCGTGTCCC-1","7"
"GAGGTCCCAAAGATCT-1","7"
"GAGGTCTTAGTGGGTC-1","7"
"GAGTAAACCGGAAAGT-1","7"
"GAGTAAGGCCACGGGA-1","2"
"GAGTACGGGTATACAA-1","7"
"GAGTAGATACTAGTTG-1","7"
"GAGTATGCCCGCCTTG-1","1"
"GAGTATGCGCGTGCAT-1","7"
"GAGTCAGACCAGAATC-1","2"
"GAGTCCGCTTACCGGA-1","3"
"GAGTGTCAACCAGAAA-1","7"
"GAGTGTGCGGTACCCA-1","7"
"GAGTTGATGGCAATTT-1","2"
"GAGTTGTCACCAGTCT-1","1"
"GATAAATCGGTGGATG-1","7"
"GATAACTCGCACTGTG-1","7"
"GATAAGGCAGATGCAA-1","6"
"GATACGATGGGAGTCA-1","2"
"GATAGGTAACGTTGAC-1","2"
"GATAGTGCGAGTAAGT-1","1"
"GATATCTCATGCAATA-1","7"
"GATATGAGACACTAAC-1","7"
"GATATGCGGTAGCCAA-1","7"
"GATATGGATTACGCGG-1","7"
"GATATTGAGATTGGCG-1","7"
"GATATTTCCTACATGG-1","4"
"GATCAACATAAAGGGA-1","1"
"GATCATTCCAAACATT-1","7"
"GATCCCTTTATACTGC-1","7"
"GATCCGGGAATTAACA-1","7"
"GATCCTAAATCGGGAC-1","7"
"GATCCTCGACACTGGC-1","2"
"GATCCTCTTGCGCTTA-1","7"
"GATCGACACTATCTGA-1","7"
"GATCGCGGGCTCTCCA-1","7"
"GATCGCTACCCGATTT-1","7"
"GATCGCTATATCTCAG-1","2"
"GATCGGATAGAACCAT-1","7"
"GATCGGCGATAAGTCG-1","7"
"GATCGGTGGCCATAAC-1","7"
"GATCGTGACTGATATC-1","3"
"GATCTCGACGCTGTGG-1","3"
"GATCTGCTATCTAAGG-1","3"
"GATCTTGGAGGGCATA-1","7"
"GATCTTTGCAGGGTAT-1","7"
"GATGACAAGTAGGGCA-1","2"
"GATGACGATGATCGCG-1","5"
"GATGAGGAACCTTCGG-1","7"
"GATGATTTGAAACTGG-1","7"
"GATGCCACACTACAGC-1","6"
"GATGCCAGCAGAAGGC-1","6"
"GATGCCTTCTGCGGCA-1","1"
"GATGCGTCCTGCATTC-1","2"
"GATGCTACAAGCGCCT-1","7"
"GATGCTGTATTTCATC-1","7"
"GATGGCGCACACATTA-1","7"
"GATGGTGCCCTAGGCA-1","7"
"GATGTAACGAACCACC-1","1"
"GATGTCGGTCAACTGC-1","7"
"GATGTGTTGTCACAAG-1","7"
"GATGTTCAATCCACGA-1","2"
"GATGTTTGTGCGAGAT-1","7"
"GATTAACCGAAAGCCC-1","7"
"GATTAATCCTGGCTCA-1","7"
"GATTACTGAATTTGGG-1","2"
"GATTCCCTTGTCGCAG-1","7"
"GATTCCGCGTTTCCGT-1","7"
"GATTCCTATACGGCGC-1","7"
"GATTCGACGGTTCACG-1","7"
"GATTGACACTCTGCTC-1","7"
"GATTGCTCCAGTTGCA-1","1"
"GATTGGGAAAGGTTGT-1","7"
"GCAAACCCTACATTAT-1","7"
"GCAAACCTTGGCCATA-1","7"
"GCAAACGTAAGCGACC-1","1"
"GCAAACGTCGCCAGGT-1","7"
"GCAAAGGGCGTTAGCC-1","1"
"GCAAATATTACGCTTT-1","7"
"GCAACACACTAGAACT-1","2"
"GCAACAGCAGTATGCG-1","7"
"GCAACCACCAGACCGG-1","7"
"GCAACCACGGCCGCGT-1","2"
"GCAACGGCTAGTTATG-1","7"
"GCAAGAATTCCTTGGC-1","1"
"GCAAGATGTGTTCGCG-1","7"
"GCAAGTGCACAGAGAA-1","7"
"GCAAGTGTAAAGCATG-1","2"
"GCACAAACCCTAGATG-1","1"
"GCACAAACGAGGCGTG-1","7"
"GCACAACCTCGGGCGT-1","1"
"GCACAAGTGTCGGAAG-1","7"
"GCACACACTGGTAGCC-1","7"
"GCACACGCCCATGGTC-1","7"
"GCACAGCACGGGCCGA-1","2"
"GCACGCCTACTTAGAT-1","1"
"GCACGTGGTTTACTTA-1","7"
"GCACTAGTCGCGCTAT-1","7"
"GCACTGCCTACCTTTA-1","7"
"GCAGACCCAGCACGTA-1","7"
"GCAGATCCATAAGACT-1","7"
"GCAGATCCTCGCAAAT-1","7"
"GCAGATTAGGGATATC-1","7"
"GCAGCCTATATCACAT-1","7"
"GCAGGAACTTAGATCT-1","1"
"GCAGGACTATAGAATA-1","7"
"GCAGGTAGAGTATGGT-1","7"
"GCAGTGTGGCTATAGG-1","7"
"GCATACGAGGTCTTTA-1","7"
"GCATAGAGCACTCAGG-1","7"
"GCATCCCTAACTTTGA-1","7"
"GCATCGGCCGTGTAGG-1","7"
"GCATGAGGGACGCGGC-1","7"
"GCATTCAAGGCAACGC-1","7"
"GCATTCGAAATGAACA-1","7"
"GCATTGTAATTCATAT-1","3"
"GCATTTCCAAGGCTCC-1","7"
"GCCAACCATTTCCGGA-1","7"
"GCCAAGAATACTTCTG-1","4"
"GCCAATAGGGCATCTC-1","7"
"GCCACAATTTAAGGAC-1","2"
"GCCACTCAGAGCGCGA-1","7"
"GCCAGGAAAGAACACT-1","1"
"GCCAGGAGTAACCGAT-1","7"
"GCCAGGCGTTCGCATG-1","7"
"GCCATATTGCACACAG-1","6"
"GCCATCGAGCTGCGTG-1","2"
"GCCATCGATGCTGCAT-1","7"
"GCCATTAGCCTCAAAC-1","2"
"GCCCACCAAGGCTGTC-1","7"
"GCCCAGTTGGTATGCC-1","7"
"GCCCATGGGTGCAATG-1","7"
"GCCCGACTTCTTCCCG-1","2"
"GCCCGAGAGTCTAAAT-1","1"
"GCCCGATCTGTGGTCG-1","3"
"GCCCGCGCGTAAACGG-1","1"
"GCCCGCGCGTTTGACA-1","7"
"GCCCGTAATACCTTCT-1","7"
"GCCCTAGCCGTCGCGA-1","1"
"GCCCTGAGGATGGGCT-1","7"
"GCCGAAATTCCTACGT-1","7"
"GCCGACCCACGACTGC-1","1"
"GCCGCATTAGTCCGGC-1","7"
"GCCGCTAGATACGCAG-1","7"
"GCCGCTTGTGAGAAAC-1","7"
"GCCGGAAACACATCTT-1","7"
"GCCGGGTTAGGGTCGC-1","2"
"GCCGGTTTGGGCGGAT-1","6"
"GCCGTCGGTTTCGGGC-1","2"
"GCCGTGGAAGAAATGT-1","4"
"GCCTAGCGATCTGACC-1","7"
"GCCTATAGTGTCAGGG-1","7"
"GCCTATTCCGATATAG-1","7"
"GCCTATTTGCTACACA-1","7"
"GCCTCATCTGGAAATA-1","7"
"GCCTCCGACAATTCAC-1","7"
"GCCTCTATACATAGCA-1","7"
"GCCTGCTACACTGAGA-1","6"
"GCCTTCAGCCCTACCG-1","7"
"GCCTTGTATATGCAGT-1","6"
"GCCTTTGTCAGTGGAC-1","1"
"GCGAAACGATCGGGAG-1","7"
"GCGAAACTTAACTGGA-1","7"
"GCGAAGAATCTGACGG-1","7"
"GCGAAGCCATACCCGT-1","7"
"GCGACATGTAAACATC-1","7"
"GCGACCCAACCATCTG-1","2"
"GCGACGATAGTTGTAC-1","2"
"GCGAGAGGCCATGTAA-1","5"
"GCGAGAGTTGCGTCCA-1","7"
"GCGAGCGCATGCTCCC-1","7"
"GCGAGGCCCGAGCAGA-1","7"
"GCGAGTTCTGCAAAGA-1","7"
"GCGATTCTGGAAGCAG-1","7"
"GCGATTGTTAACGTTA-1","3"
"GCGCAAATATATTCAA-1","1"
"GCGCAAGAGCGCGCTG-1","7"
"GCGCATCCAGTCAGCA-1","7"
"GCGCCTCCCACTCCGA-1","7"
"GCGCGGTCTAGTAACT-1","2"
"GCGCGTCATTGGTACA-1","7"
"GCGCTAAGTATGCATG-1","7"
"GCGCTAATTGAATAGA-1","7"
"GCGCTATGCCGAGGCA-1","2"
"GCGCTGATCCAGACTC-1","7"
"GCGCTGCTTTGCATTT-1","7"
"GCGCTTAAATAATTGG-1","7"
"GCGGACCGCGTTGTGG-1","1"
"GCGGAGAAACTTCGCA-1","1"
"GCGGAGAGGGAGAACG-1","7"
"GCGGCAAAGTATTGCC-1","2"
"GCGGCTCTGACGTACC-1","7"
"GCGGGAACCAGGCCCT-1","7"
"GCGGGCGAGCCTTACC-1","2"
"GCGGTCCCTAGACGCA-1","7"
"GCGGTGAACTGCGCTC-1","7"
"GCGGTTCCCTATCATG-1","2"
"GCGTAAATGGCCATAA-1","7"
"GCGTCCCTAAGACATA-1","2"
"GCGTCGAAATGTCGGT-1","7"
"GCGTCGCCAGGGTGAT-1","7"
"GCGTGGTACTGGGTTA-1","7"
"GCGTGTATGTCGTATT-1","7"
"GCGTTATATTTGGAAC-1","7"
"GCGTTCGGAGACCGGG-1","7"
"GCTAAACCTGAGGTGA-1","6"
"GCTAACTGAAGTCTGA-1","7"
"GCTAAGTAAAGGCGAT-1","7"
"GCTAAGTAGTTTCTCT-1","7"
"GCTAATACCGAATGCC-1","3"
"GCTACAATCGAGGATA-1","7"
"GCTACAGTACGGACCG-1","7"
"GCTACGACTTATTGGG-1","7"
"GCTACTATAGTAGAGT-1","7"
"GCTAGACCGTCTACTG-1","7"
"GCTAGAGTAGAGATGT-1","7"
"GCTAGCAGGGAGTGGG-1","7"
"GCTAGCGATAGGTCTT-1","1"
"GCTAGCTTGAATAGCT-1","1"
"GCTAGGCACCACGGAG-1","7"
"GCTAGTAGAGCTTGTA-1","3"
"GCTAGTTTCATTGAGG-1","7"
"GCTATACGTCTCGGAC-1","7"
"GCTATCATACTCATGG-1","7"
"GCTATCGCGGCGCAAC-1","7"
"GCTCAATCCGTTTATT-1","1"
"GCTCAATGTAATACCG-1","3"
"GCTCATTACTGCATGT-1","7"
"GCTCCCAGTCGGTCCA-1","7"
"GCTCCGCTCGCTTCAG-1","7"
"GCTCCGGACGTTGATA-1","6"
"GCTCCTGACATACTGG-1","1"
"GCTCGCGGTTCCGCTC-1","7"
"GCTCGCTCATGTCCAA-1","7"
"GCTCGGAATTTAAAGC-1","6"
"GCTCTAAACCCTGACG-1","7"
"GCTCTATGTTACGTGC-1","7"
"GCTCTCGGGTACCGAA-1","7"
"GCTCTTTCCGCTAGTG-1","2"
"GCTGAATCTTCCAATC-1","1"
"GCTGCACGGTTTCTTA-1","7"
"GCTGCTAAGTAGTCGA-1","2"
"GCTGCTACTGCGTAGC-1","7"
"GCTGCTCTCCGGACAC-1","7"
"GCTGGACCCAAAGTGG-1","7"
"GCTGGCATATTCACCT-1","7"
"GCTGGCGGCGCATGCT-1","7"
"GCTGGTTTAGGCCATA-1","1"
"GCTGTATTACTGGCCC-1","1"
"GCTGTCTGTGATCGAC-1","7"
"GCTGTTGCTACCGAAC-1","3"
"GCTTAATGTAACTAAC-1","4"
"GCTTACGTAGTTAGTA-1","7"
"GCTTATGAAGCAGGAA-1","7"
"GCTTCCATGTAACCGC-1","7"
"GCTTCCGTCCCTAGAC-1","7"
"GCTTCGACGTTCAATC-1","1"
"GCTTGATGATAATCAG-1","7"
"GCTTGGATCGATTAGG-1","7"
"GCTTTCAGAGGAGGTG-1","7"
"GGAAACCTTGTTGAAT-1","7"
"GGAAACTAAATGGGCC-1","7"
"GGAAAGTGCCCATGCC-1","4"
"GGAACCGTGTAAATTG-1","2"
"GGAACCTTGACTCTGC-1","1"
"GGAACGGCCTGCAGCC-1","4"
"GGAACTTTGGCGATTA-1","7"
"GGAAGCTCGCTTACAG-1","7"
"GGAATAACCTCAAGAA-1","7"
"GGAATGCGCTAGCGTG-1","7"
"GGACACAAGTTTACAC-1","7"
"GGACCAACAGGATAAC-1","7"
"GGACCTACGGTAACGT-1","7"
"GGACCTCTAGGCCGCC-1","1"
"GGACGGCTTGCGCAAC-1","7"
"GGACTCGACAGCGCAT-1","2"
"GGACTCGTGAGTGGTC-1","1"
"GGAGAAGTCATTGGCA-1","7"
"GGAGACCATCTACATA-1","2"
"GGAGACGACACCTTTG-1","7"
"GGAGCAACATTTCAAG-1","7"
"GGAGCACCAAGAACTA-1","7"
"GGAGCGAGGCCTACTT-1","7"
"GGAGGATTGAAAGGAG-1","7"
"GGAGGCCGAAGTCGTC-1","4"
"GGAGGCGAAGAACCGC-1","6"
"GGAGGGCTTGGTTGGC-1","7"
"GGAGGGTCAAGTAAGA-1","7"
"GGAGTGCCGCCCTGGA-1","7"
"GGAGTTGATTCTGTGT-1","6"
"GGATACTCATGAATTG-1","7"
"GGATCAAAGGACGAGG-1","7"
"GGATCATCCCGTACGC-1","6"
"GGATCCCTACCAGCTA-1","7"
"GGATCCGGAATATACT-1","7"
"GGATCTTACTGCCCTT-1","1"
"GGATCTTGACTCAACC-1","2"
"GGATGAAGATCGCTGA-1","7"
"GGATGCTGGCGTTCCT-1","7"
"GGATGTCCTTACCGCA-1","7"
"GGATTAAGCTAAGGTC-1","7"
"GGATTCAGTACGGTGG-1","7"
"GGATTCCGCTATACCC-1","4"
"GGATTGAAGTAGCCTC-1","4"
"GGATTGCTGTGACTCC-1","7"
"GGATTTCACTTCTATA-1","7"
"GGCAAAGGCGCCAATA-1","1"
"GGCAAATTACTTTACT-1","2"
"GGCAAGCCCATAGTGG-1","7"
"GGCAAGGCGAAATAGC-1","7"
"GGCAATAGTCAATGAG-1","7"
"GGCACTCCACTGGGCA-1","7"
"GGCAGCAAACCTATGC-1","7"
"GGCAGCGGTAATCCTA-1","4"
"GGCATACAGGTAGCGG-1","7"
"GGCATATCGGTTCTGC-1","7"
"GGCATCAACGAGCACG-1","6"
"GGCCCTCACCCACTTA-1","7"
"GGCCGAGACTCTGGTG-1","1"
"GGCCGGCGTCTGCTAT-1","7"
"GGCCGTTTGGGTTTCA-1","2"
"GGCCTGCTTCTCCCGA-1","7"
"GGCGAAATCTAACTTG-1","7"
"GGCGAGCATCGAGGAC-1","7"
"GGCGCAGGACATCTTC-1","7"
"GGCGCATGAATTGATG-1","2"
"GGCGCGGAGATCTTTC-1","7"
"GGCGCGTTCGAGTTTA-1","2"
"GGCGCTCCTCATCAAT-1","7"
"GGCGCTTCATTCCCTG-1","7"
"GGCGGAGTAATATTAG-1","7"
"GGCGGTAGGATCATTG-1","7"
"GGCGGTTTGCCGGTGC-1","7"
"GGCGTACCCTATATAA-1","5"
"GGCGTAGGGAAAGCTG-1","7"
"GGCGTCCTATCCGCTG-1","7"
"GGCTAAAGGGCGGGTC-1","7"
"GGCTACTATACACTCC-1","1"
"GGCTATTAAGTTGTAT-1","7"
"GGCTCCTCCACCTGTT-1","1"
"GGCTCGCGTTGAGGTA-1","7"
"GGCTCGTGCCACCAGC-1","4"
"GGCTCTGCTCCAACGC-1","7"
"GGCTGAAATAGCAAAG-1","7"
"GGCTGAGCATCGTAAG-1","7"
"GGCTGGCTAGCTTAAA-1","7"
"GGCTTTCAATAAGGGT-1","7"
"GGGAACCACCTGTTTC-1","6"
"GGGAACGGTTTCAGAT-1","1"
"GGGAAGACGGTCTGTC-1","7"
"GGGAAGGGCTTTCTCA-1","7"
"GGGAATGAGCCCTCAC-1","7"
"GGGACAGAGTTACTCC-1","1"
"GGGACCCGTATATCTT-1","2"
"GGGACTGCATAGATAG-1","7"
"GGGAGAACTCACAGTA-1","7"
"GGGAGGATGCCCGAAA-1","3"
"GGGAGTAATGGCTGGC-1","7"
"GGGAGTTAATGAGGCG-1","7"
"GGGATGGACCCGCGTC-1","1"
"GGGATGGTCGTAACCG-1","2"
"GGGATTTACCGCACCT-1","7"
"GGGCAACCGCACGTGC-1","1"
"GGGCAGGATTTCTGTG-1","1"
"GGGCCATTCGTGCTGG-1","1"
"GGGCCCGTCTTAAACA-1","2"
"GGGCCCTACGAAAGGG-1","7"
"GGGCCGGCCGAAGTAC-1","7"
"GGGCCTAAATGGGCTA-1","4"
"GGGCGATATGTGTGAA-1","7"
"GGGCGGCAAATGAATT-1","2"
"GGGCGGGTTCCCTACG-1","2"
"GGGCGGTCCTATTGTC-1","4"
"GGGCGTACATTTATAT-1","6"
"GGGCGTCACCACGTAA-1","2"
"GGGCGTCCACTGGCTC-1","7"
"GGGCGTGGTTTCCCAG-1","7"
"GGGCGTTTACATTCAT-1","1"
"GGGCTATGATCGATGG-1","2"
"GGGCTCATCGAACCCA-1","7"
"GGGCTGCCTAGGGCGA-1","7"
"GGGCTGGTTAGTCGCG-1","7"
"GGGTACCCACGGTCCT-1","7"
"GGGTACTTCATGAACT-1","7"
"GGGTATGTATGCACTT-1","7"
"GGGTATTCTAGCAAAC-1","1"
"GGGTCACCGTGACGGT-1","7"
"GGGTCACGTGCTTATG-1","7"
"GGGTCAGGAGCTAGAT-1","4"
"GGGTCATGCGTACCAT-1","7"
"GGGTCGTGGCAAGTGT-1","7"
"GGGTCTATCGCTTTCC-1","6"
"GGGTGACACCTTAACT-1","2"
"GGGTGCATATGAAAGC-1","5"
"GGGTGGTCCAGCCTGT-1","7"
"GGGTGTTTCAGCTATG-1","4"
"GGGTTAACATTTGAGT-1","2"
"GGGTTCAGACGAACAA-1","7"
"GGGTTTAGGATAGGAT-1","7"
"GGTAAACTCTGCGCTG-1","7"
"GGTAAATGTGCGTTAC-1","7"
"GGTAACCGGGAGGATA-1","1"
"GGTAACTATGTATCTG-1","7"
"GGTACAAACATGCTAT-1","2"
"GGTACATCTGGGACGA-1","4"
"GGTACCATTAAGACGG-1","7"
"GGTAGAAGACCGCCTG-1","7"
"GGTAGACCGTTGGGCG-1","2"
"GGTAGTGCTCGCACCA-1","7"
"GGTATAGTGACACATA-1","7"
"GGTATTGCCGAGTTTA-1","7"
"GGTCAAGACTACTTCG-1","7"
"GGTCAGTGGGTCCCAC-1","2"
"GGTCATTGTAGTCATA-1","2"
"GGTCGGATAAACGGCG-1","7"
"GGTCGGCCAGGAGCTT-1","7"
"GGTCGGTAATTAGACA-1","7"
"GGTCGGTCGTCCACAG-1","2"
"GGTCGTAAGCTCGCAC-1","2"
"GGTCTCCGTCCAGGTT-1","7"
"GGTCTCTGAATGGACT-1","1"
"GGTCTGAGAATCTGGA-1","7"
"GGTCTTGAGCGCTCTT-1","4"
"GGTGAAACCGGGAATG-1","6"
"GGTGAAGTACAGGGAT-1","1"
"GGTGAGATGCAGATAA-1","7"
"GGTGATAAGGAGCAGT-1","7"
"GGTGATTTCATCTTGT-1","6"
"GGTGCAGAGCCTATCG-1","7"
"GGTGCATAAATGATTA-1","2"
"GGTGCGGATAAGTGGC-1","7"
"GGTGCTGATCACAAAG-1","7"
"GGTGCTGGTACACATT-1","2"
"GGTGGACCACGTGTTA-1","6"
"GGTGGACTGCTCTGGC-1","7"
"GGTGTAAATCGATTGT-1","2"
"GGTGTTCTGTTTCTAC-1","7"
"GGTTACCACCCTCGGG-1","2"
"GGTTAGCTATATGTCT-1","7"
"GGTTAGGCTTGGAGAA-1","7"
"GGTTAGTTACGGCGCC-1","7"
"GGTTCCACCCGCTTCT-1","7"
"GGTTCTACTCGTCTGA-1","7"
"GGTTGTATCGTGAAAT-1","7"
"GGTTGTGTAGCCTGGC-1","7"
"GGTTTAATTACCATCG-1","2"
"GGTTTACAATCTCAAT-1","7"
"GGTTTAGCCTTTCTTG-1","7"
"GGTTTCAATCGGTCAG-1","7"
"GGTTTGAGTGCTGGAA-1","7"
"GGTTTGTGACCTGAGG-1","7"
"GTAACATCTAAGATAA-1","7"
"GTAACTGCCCAAGGAG-1","2"
"GTAACTTGCGGCAGTC-1","7"
"GTAAGCGGGCAGTCAG-1","4"
"GTAAGGATTTGTCGGA-1","7"
"GTAAGTAACAGTCTGG-1","7"
"GTAAGTAGGGTATACC-1","7"
"GTAATAAAGGGCTCCC-1","7"
"GTAATCTGATTCTTCG-1","2"
"GTACACTTACCTGAAG-1","7"
"GTACAGAGGCAAGGGT-1","5"
"GTACGACGGCGCTGCG-1","7"
"GTACGAGATTGCGACA-1","3"
"GTACGCTTCATTGCAC-1","7"
"GTACGTCACGTATTAA-1","4"
"GTACGTTTGCCCGTCA-1","7"
"GTACTAAGATTTGGAG-1","7"
"GTACTCCCTTATCGCT-1","7"
"GTACTCCTGGGTATGC-1","7"
"GTACTGAGGTCGTAAC-1","7"
"GTACTGCATGAAGCGT-1","7"
"GTACTGGAGTTAGACC-1","7"
"GTACTTGGGCACTTCT-1","7"
"GTAGAAACGGGTGGAG-1","6"
"GTAGACAACCGATGAA-1","7"
"GTAGACACGCCTGACT-1","7"
"GTAGACGTCGTTACAT-1","7"
"GTAGAGGGAGACAAGT-1","1"
"GTAGCCAAACATGGGA-1","7"
"GTAGCGCTGTTGTAGT-1","7"
"GTAGCGGCTATACACT-1","7"
"GTAGCTAGTAAGCGCG-1","7"
"GTAGCTCCGGGAGGCT-1","1"
"GTAGCTTCCTCTTGTT-1","7"
"GTAGGTGATCCGTGTA-1","7"
"GTAGTCGCGGGAATCA-1","7"
"GTAGTCTACGATATTG-1","7"
"GTAGTTCGAAGGCGAA-1","2"
"GTATAGGACTCAGTAG-1","7"
"GTATAGTGGCCCATGT-1","7"
"GTATCAAACGTTAGCT-1","7"
"GTATCAGCTTGGGTTC-1","6"
"GTATCCTTTGGTAACC-1","7"
"GTATCGGGACGAGCTG-1","6"
"GTATCTCAGTCTTGAC-1","1"
"GTATCTCCCTAACTGT-1","7"
"GTATCTTGTTGCTCAC-1","7"
"GTATCTTTCATAACCA-1","7"
"GTATGAAATTTCACTC-1","2"
"GTATGTGGGTCTAGTT-1","7"
"GTATTAAGGCGTCTAA-1","7"
"GTATTCTGAGAAACGA-1","1"
"GTATTTAATGGCATAA-1","4"
"GTCAAAGAAGTGGTGT-1","1"
"GTCAAAGTTTACATAG-1","7"
"GTCAACCAGGCCTATA-1","7"
"GTCAAGCGGACTCGGG-1","7"
"GTCACAAAGTTTCCAA-1","7"
"GTCACCTGTCTATGTC-1","7"
"GTCACTCTCCAAATCT-1","7"
"GTCAGAATAGTCTATG-1","7"
"GTCAGTTGTGCTCGTT-1","7"
"GTCAGTTTGGTAGTCG-1","7"
"GTCATGCACCTCCGTT-1","7"
"GTCATGCGCGAGGGCT-1","7"
"GTCATGGACATGACTA-1","7"
"GTCATTAGAGCGAACG-1","2"
"GTCATTGCATTGACCC-1","7"
"GTCCAATATTTAGCCT-1","7"
"GTCCATTACTGCTACG-1","7"
"GTCCCAACGTAAAGTA-1","7"
"GTCCCGCGACGTTATG-1","7"
"GTCCGGACCTGAAATT-1","7"
"GTCCGGCTGAATTGCG-1","7"
"GTCCTACAGGCGGCTC-1","7"
"GTCCTACGAATAGTCT-1","7"
"GTCCTAGGATACCTTA-1","1"
"GTCCTTCTAGTGGGTT-1","6"
"GTCCTTTAATGACTTC-1","6"
"GTCGAATTTGGGCGCT-1","1"
"GTCGCCGTTGTGTGTT-1","1"
"GTCGCGTAACCCGTTG-1","7"
"GTCGGATATCTCAGAC-1","7"
"GTCGGATGTAGCGCGC-1","4"
"GTCGGGAAGCAGAAAC-1","3"
"GTCGTATTGGCGTACA-1","7"
"GTCGTCAATTATAAGG-1","7"
"GTCGTTATTCGCTTAT-1","7"
"GTCTACTCAATTACAA-1","7"
"GTCTAGTGAGCCGCTT-1","7"
"GTCTATCTGAGTTTCT-1","4"
"GTCTATTGGTTCCGGT-1","7"
"GTCTCAAGGCCCGGCT-1","4"
"GTCTCCTGCCAGTATG-1","1"
"GTCTCGACTAAGTTTG-1","7"
"GTCTCGATCTGCTTTC-1","7"
"GTCTCGCCAACACGCC-1","5"
"GTCTGGGCGGTCGAGA-1","2"
"GTCTGTAGGTTGAACA-1","2"
"GTCTTAGTACAGCCGG-1","6"
"GTCTTGAGGAGCAGTG-1","7"
"GTCTTGTAGCTATTCA-1","7"
"GTGAAACGGCGCCACC-1","7"
"GTGAAACGTGCTCCAC-1","7"
"GTGAACTCCCATTCGA-1","7"
"GTGAAGATTTCAAGTG-1","7"
"GTGAAGCCGTATAGTC-1","7"
"GTGAAGTCACGACTCG-1","2"
"GTGACAGCTTCCCACT-1","7"
"GTGACCGCACACTACG-1","7"
"GTGACGAGGGTGACCC-1","7"
"GTGACGCAGGTTTCAT-1","7"
"GTGACTTCAGTAGTGC-1","2"
"GTGAGATAACCTTATA-1","2"
"GTGAGCGTGCTGCACT-1","7"
"GTGAGGACACTTAAGG-1","3"
"GTGAGGAGCGGTTGAG-1","7"
"GTGAGTGGTACAACGC-1","2"
"GTGATCAAGCGTGCAC-1","1"
"GTGATCACTAACGCCT-1","7"
"GTGATCATAGATCTGC-1","2"
"GTGATCCTTGTCATGA-1","7"
"GTGATGCACAACATCT-1","7"
"GTGATTCGCCGCTCAA-1","2"
"GTGCAACAAATGTGGC-1","7"
"GTGCACCAGCTTCAAC-1","2"
"GTGCACGAAAGTGACT-1","4"
"GTGCCATCACACGGTG-1","2"
"GTGCCCGTTCGGATTC-1","7"
"GTGCCGCTTCAAAGGT-1","1"
"GTGCCTCAGTGTACGG-1","7"
"GTGCGAAATCGAACAC-1","2"
"GTGCGACAGGGAGTGT-1","7"
"GTGCGCTTACAAATGA-1","7"
"GTGCGGGTCTCCAAAT-1","3"
"GTGCGTGTATATGAGC-1","7"
"GTGCTCAAGTACTGTC-1","7"
"GTGCTTACATCAGCGC-1","7"
"GTGGAACCTACATGCG-1","7"
"GTGGACCAACCCGATT-1","2"
"GTGGACGCATTTGTCC-1","3"
"GTGGACGTGCTGAGAC-1","7"
"GTGGAGCGTTTACCGA-1","1"
"GTGGAGTCGGCGGTTG-1","1"
"GTGGCAAACAGCGGCA-1","1"
"GTGGCCGGTTTCTCGG-1","1"
"GTGGCGGGCCGTAGCT-1","5"
"GTGGCGGTCCCAGCGT-1","7"
"GTGGCGTGCACCAGAG-1","6"
"GTGGGAAGACTGAATC-1","2"
"GTGGGCTTAGACACAC-1","7"
"GTGGTATAGTCTGCCG-1","1"
"GTGGTCAGCGAAGTAT-1","7"
"GTGGTGGCCAAGTGAA-1","7"
"GTGGTTACTTCTTTCG-1","7"
"GTGGTTTCCGCCTTTC-1","7"
"GTGTACCTTGGCTACG-1","7"
"GTGTATATCAGCGGGC-1","7"
"GTGTCAGTGTACGTGG-1","2"
"GTGTCCGATAAGGCAT-1","7"
"GTGTCGTATAGCGTTC-1","7"
"GTGTGAATAACTTAGG-1","7"
"GTGTGAGCCGAGGTGC-1","7"
"GTGTTACTATGCGTCC-1","7"
"GTTAAAGTAGGACTGG-1","7"
"GTTAACATCACTTAAA-1","7"
"GTTAACTATGTTGTCA-1","7"
"GTTAAGGGTGCGATGT-1","7"
"GTTAAGTTAGAGTGGG-1","4"
"GTTAATGTCTATCTTA-1","6"
"GTTACAATTGGTGACG-1","7"
"GTTACCTACAACTTGC-1","7"
"GTTACGAAATCCACGC-1","6"
"GTTACTTTGGGCCTAG-1","2"
"GTTAGAGTGTGCCGCT-1","7"
"GTTAGCCCATGACATC-1","7"
"GTTAGCCGTAAATCAA-1","7"
"GTTAGGCTACCCGTTT-1","2"
"GTTATAATACGGTGAA-1","7"
"GTTATATTATCTCCCT-1","2"
"GTTATCACCTTCTGAA-1","7"
"GTTATTAAATACGACC-1","7"
"GTTATTAACGTGGGAG-1","7"
"GTTCAATCTATGTCAA-1","7"
"GTTCACAGGAGTCTAG-1","7"
"GTTCAGTCGCCAAATG-1","2"
"GTTCATCGTTTGGCTG-1","7"
"GTTCCAAGACAGCGAC-1","6"
"GTTCCAGTCTGACCAT-1","7"
"GTTCCGTCCGCCTGCA-1","2"
"GTTCGCCATAAGTGCC-1","2"
"GTTCGCTGAGACGTCT-1","7"
"GTTCGGATCGGGAACA-1","7"
"GTTCGGGCGTACCATT-1","7"
"GTTCGTCTAAAGAACT-1","7"
"GTTCGTTGCGGACCAG-1","4"
"GTTCTTCCCTCGATGT-1","7"
"GTTGAACCGGTTCCAT-1","2"
"GTTGAGTCCCGCCGGT-1","7"
"GTTGCACGGAGTTTCG-1","7"
"GTTGCGGACGGTCAGG-1","7"
"GTTGGATTCAGTGGCT-1","7"
"GTTGGATTGAGAACAC-1","3"
"GTTGGATTTGCGTTGG-1","7"
"GTTGGTCATGCTATCC-1","7"
"GTTGTCGTGTTAGTTG-1","6"
"GTTTACGTTCCATCTG-1","3"
"GTTTCAAACGAGTTGT-1","7"
"GTTTCATATCGTCGCT-1","7"
"GTTTCCTGGAGGGTGA-1","7"
"GTTTCTGCAGTCTCCC-1","7"
"GTTTGACCAAATCCTA-1","3"
"GTTTGAGCGGTTATGT-1","5"
"GTTTGGCCCAAGTTAT-1","7"
"GTTTGGCCGCTCAGCG-1","7"
"GTTTGGGCTTGTGAGC-1","7"
"GTTTGGGTTTCGCCCG-1","7"
"GTTTGGTGATCGGTGC-1","2"
"TAAACCCAGGAGGGCA-1","1"
"TAAAGAGCCCGAAACC-1","7"
"TAAAGCGGTATTTCCA-1","1"
"TAAAGCGTTAGGAGAA-1","7"
"TAAAGCTGCAATAGGG-1","7"
"TAAAGGAGAAACTAGT-1","7"
"TAAATGAATCCGTTTC-1","6"
"TAAATGCCGTCTCATG-1","7"
"TAAATTTAGTAACACC-1","2"
"TAACAAAGGGAGAAGC-1","7"
"TAACAATATTTGTTGC-1","6"
"TAACAGCGTTTGTGCT-1","1"
"TAACATACAATGTGGG-1","7"
"TAACATACACGCGATC-1","1"
"TAACCGCCCGCAGTGC-1","7"
"TAACCTACCGTCCGAG-1","7"
"TAACCTAGGGAGTCCA-1","7"
"TAACGCTTTGAGAGCG-1","7"
"TAACTATCGAAGGTCC-1","7"
"TAACTATTACGCCAAA-1","7"
"TAACTCATCCGCGCGG-1","2"
"TAACTCCATGGAGGCT-1","7"
"TAAGAGGGACAGGGAC-1","1"
"TAAGCAGGCGACACGC-1","7"
"TAAGCGCGAATCAAAT-1","1"
"TAAGGAACTTGTGGGA-1","7"
"TAAGGCAACATAAGAT-1","7"
"TAAGGCATAACATCAA-1","2"
"TAAGGCCCGTCACCCT-1","7"
"TAAGGCTGAATCCCTC-1","7"
"TAAGGGCCTGTCCGAT-1","7"
"TAAGGGCTGGGAGAGG-1","3"
"TAAGTAAATGTGCCGC-1","7"
"TAAGTAACATCTTGAC-1","1"
"TAAGTCGCCGAGTATC-1","1"
"TAAGTTGCGACGTAGG-1","7"
"TAATAAACAAGGAGAT-1","7"
"TAATACACAGTAGTAT-1","6"
"TAATAGAACAGAGTTA-1","1"
"TAATAGGTCACCAGAA-1","1"
"TAATAGTGACGACCAG-1","7"
"TAATATTGAAATTCGC-1","7"
"TAATCGATCCGTACGT-1","7"
"TAATGAAAGACCCTTG-1","7"
"TAATTACGTCAGTAGA-1","7"
"TAATTAGATGGATATG-1","7"
"TAATTAGGACATCCGT-1","7"
"TAATTGGAATCGGGAA-1","7"
"TACAAATTGCGGAGGT-1","5"
"TACAACGCACAACTCA-1","3"
"TACAAGCTGTTCACTG-1","6"
"TACAAGTCTCGTGCAT-1","7"
"TACAGAAACGGTGGGC-1","7"
"TACATAGGCATACACC-1","7"
"TACATCCCTATCCCTG-1","4"
"TACATTTCTAACGTGC-1","2"
"TACCAAATAGCCCAGA-1","7"
"TACCAATAAAGTACCA-1","7"
"TACCAGAAGTAGGTTC-1","2"
"TACCAGCTAGGTTTAA-1","6"
"TACCAGGAATCCCGTC-1","1"
"TACCGCGGACTTGCAG-1","7"
"TACCGGCTCACTGCCC-1","7"
"TACCGGTCGTTTCCAT-1","2"
"TACCGTAGGTTAACTA-1","4"
"TACCGTGCCTCGGACC-1","7"
"TACCTACTCCCAGTAT-1","7"
"TACCTCACGCTTGTAC-1","7"
"TACCTCAGTTGTCTGT-1","1"
"TACCTCCACACCAATG-1","1"
"TACCTGCTGCACTGTG-1","7"
"TACCTTAAGATTTCCC-1","1"
"TACGAACACGACTTCA-1","7"
"TACGACGCTTGCTGCG-1","2"
"TACGAGAACTTCACGT-1","7"
"TACGATGTTGATCATC-1","7"
"TACGCAGTTCTTTCCT-1","3"
"TACGCCATATTCTAAT-1","6"
"TACGCCGAGGGTACCC-1","2"
"TACGCCTCCATTCCGA-1","3"
"TACGCTATAGAAACCT-1","7"
"TACGCTCGGTATTGGA-1","7"
"TACGCTGCTGTGTTAA-1","1"
"TACGGGATGCTAGCAG-1","7"
"TACGTAAAGCGGAGTG-1","7"
"TACGTACTAGTGCTGA-1","1"
"TACGTGCACTATGCTG-1","7"
"TACGTTTACCGGCAAT-1","6"
"TACTATGGTTCCTCAG-1","1"
"TACTCCTCTAGTTGAC-1","1"
"TACTCGGCACGCCGGG-1","7"
"TACTCTCCGAACAAAT-1","7"
"TACTCTTACTTTACTG-1","7"
"TACTCTTTCGTCTTCA-1","2"
"TACTGAACAGATTTAG-1","1"
"TACTGAGGGAAGAAAG-1","1"
"TACTGCAATCAATTAC-1","7"
"TACTGGACAGCTCGGC-1","7"
"TACTGTTTCTCTGGTA-1","7"
"TACTTGTTAGTAGTCC-1","7"
"TACTTTACTGAGCCGG-1","7"
"TACTTTCCGCACGCCA-1","3"
"TAGAAACCACTAAGTA-1","7"
"TAGAAAGGTGGCGCTA-1","5"
"TAGAAATTCACGTATA-1","7"
"TAGAATAGCCGATGAA-1","7"
"TAGAATTAAGGGCAAC-1","7"
"TAGACGAAACGCCAAT-1","7"
"TAGACGCCCGTACCGG-1","7"
"TAGACTACCTAGCGTT-1","7"
"TAGAGATCATGCAACT-1","2"
"TAGAGCTACGAAGAAC-1","7"
"TAGAGGTTCTACTTGT-1","7"
"TAGAGTCTAAGCGAAC-1","7"
"TAGATATGGACTGGAA-1","2"
"TAGATCCGAAGTCGCA-1","7"
"TAGATGGTTCCTTACT-1","7"
"TAGATTCAAAGTGCGG-1","2"
"TAGATTCCTGGTTATT-1","7"
"TAGCAACCTGTCACAA-1","6"
"TAGCAGTATGACTAAA-1","7"
"TAGCCAGAGGGTCCGG-1","6"
"TAGCCATTTCAAAGTC-1","7"
"TAGCCGGCGGTCAGCG-1","7"
"TAGCGTCCCTCGATTG-1","7"
"TAGCGTCCGGTGTGGT-1","7"
"TAGCGTTGGGTCTTAC-1","2"
"TAGCTAAGTCCGGGAG-1","7"
"TAGCTAGAAGGCATGA-1","2"
"TAGCTAGTGATGATGG-1","2"
"TAGCTCGCCTGATAAC-1","2"
"TAGCTGATGTGAAGCG-1","4"
"TAGGAACAGCCTCCAG-1","7"
"TAGGCATGTTACGCCA-1","7"
"TAGGCCTATATAGTCT-1","7"
"TAGGCGATGAGGTCTC-1","2"
"TAGGCGGCTGCAAAGA-1","1"
"TAGGCTAAAGTGGCAC-1","7"
"TAGGGAGCTTGGGATG-1","7"
"TAGGGTGTTTCAAGAG-1","7"
"TAGGTCCAAGTAAGGA-1","7"
"TAGGTCGCCGGAACTG-1","7"
"TAGGTGACGATAACCT-1","7"
"TAGGTGAGCCCTACTC-1","7"
"TAGGTGCTCGCCTAGC-1","7"
"TAGGTTCGAGTTCGTC-1","7"
"TAGTACCACAACTTTC-1","1"
"TAGTACCTTAGTGGTC-1","6"
"TAGTAGCTTATACCAG-1","1"
"TAGTCCCGGAGACCAC-1","2"
"TAGTCCGCAGAGAATG-1","4"
"TAGTCCGTATGCATAA-1","3"
"TAGTCGATCACGGGTT-1","7"
"TAGTCTAACAACGAGA-1","2"
"TAGTCTGCGGCACATT-1","2"
"TAGTCTGTGACGTTGC-1","7"
"TAGTCTTTCCGAATTG-1","7"
"TAGTGCCCTCCAGAGT-1","7"
"TAGTGGAACTCATACA-1","7"
"TAGTGTCAGAAACGGC-1","6"
"TAGTTAAGATAGGATA-1","7"
"TAGTTTATTCTTGCTT-1","7"
"TATAAATCCACAAGCT-1","7"
"TATAAGTGAGGATAGC-1","7"
"TATACACGCAAAGTAT-1","7"
"TATACCGAGTGCCACA-1","3"
"TATACGCGTCATCACT-1","2"
"TATACTCATGCGGCAA-1","7"
"TATAGAGTCGCTTGAA-1","2"
"TATAGATGGTCGCAGT-1","7"
"TATAGGGTACTCATGA-1","7"
"TATATAGGGCTTTACG-1","1"
"TATATATCGAGAAATG-1","1"
"TATATCAAAGTGATCT-1","2"
"TATATCCCTGGGAGGA-1","7"
"TATATTACAAATGTCG-1","7"
"TATATTCGCGTCGATA-1","7"
"TATCACAGCACGGGCA-1","7"
"TATCACCATGTAAAGT-1","7"
"TATCACCCAACCGACC-1","7"
"TATCACTTCGAGTAAC-1","7"
"TATCCAATTGGTTATC-1","3"
"TATCCATATCATGCGA-1","7"
"TATCCATCTCGGTTAG-1","1"
"TATCCGCACCGTCGGG-1","4"
"TATCCTATCAACTGGT-1","2"
"TATCCTGCATGGGAAT-1","7"
"TATCGATCTATGCATA-1","7"
"TATCGATGATTAAACG-1","7"
"TATCTACAGAGGTAAT-1","7"
"TATCTAGCCTAAAGGA-1","7"
"TATCTGAGCCGATATT-1","1"
"TATCTTGCAATACAAC-1","1"
"TATGAAGACAGGTGCG-1","6"
"TATGATAAATCTAACG-1","7"
"TATGATCCGGCACGCC-1","7"
"TATGATCTTCTCTTTA-1","7"
"TATGCTCCCTACTTAC-1","7"
"TATGGATGTGCTACGC-1","7"
"TATGGCCCGGCCTCGC-1","7"
"TATGGGACCGAGCAGG-1","7"
"TATGGGTACGTATCGT-1","3"
"TATGGTCTGAGTAACA-1","7"
"TATGGTTAGTGGGAGA-1","7"
"TATGTAAAGTGCTTAA-1","2"
"TATGTAGAAACCCGGC-1","1"
"TATGTCAAGACCGACT-1","7"
"TATGTCTCATTGTGCC-1","7"
"TATTAACACCAAAGCA-1","2"
"TATTAACCTGACCGCG-1","1"
"TATTACCATCCTGCTT-1","7"
"TATTATGTTTGCCTGC-1","1"
"TATTCAATTCTAATCC-1","7"
"TATTCCACTCAGCTCG-1","2"
"TATTCCGAGCTGTTAT-1","7"
"TATTCCGGCAGTCCTA-1","7"
"TATTCCTCCGCCCACT-1","1"
"TATTCGTGCCAGAATA-1","7"
"TATTGCCGGGCTTGTA-1","7"
"TATTTAGTCTAGATCG-1","7"
"TATTTATACCGAGTAG-1","7"
"TATTTGATTTGCACAG-1","4"
"TATTTGTTACCCTTTA-1","7"
"TCAAACAACCGCGTCG-1","7"
"TCAAACTTAGATTGTT-1","7"
"TCAAATTTGAGACTCA-1","7"
"TCAACAAAGATAATTC-1","1"
"TCAACACATTGGGTAA-1","7"
"TCAACATAGCGCCCTA-1","2"
"TCAACATCGACCGAGA-1","4"
"TCAACCATGTTCGGGC-1","7"
"TCAACGAGGAGACAAA-1","2"
"TCAACGCAGGAAATAA-1","1"
"TCAACGCGACCGGCAG-1","3"
"TCAACTAACGTATAAC-1","7"
"TCAACTGCAGAGTCAG-1","7"
"TCAAGAAATACTAGCT-1","7"
"TCAAGCGCGGACGGTA-1","7"
"TCAAGGTTACTACACC-1","7"
"TCAATACGCCGTCATG-1","4"
"TCAATCCGGGAAGTTT-1","3"
"TCACAAACCGAGGTAC-1","7"
"TCACAGCAAACTCGAA-1","2"
"TCACAGGAGAATAAGA-1","2"
"TCACAGGGAATCGCAA-1","4"
"TCACAGGTTATTGGGC-1","7"
"TCACATCTTATCTGAT-1","7"
"TCACCGCTCGGCACTC-1","7"
"TCACGATGTCCGTGGA-1","1"
"TCACGCATTGTAGATC-1","7"
"TCACGGCCCAAGAGAG-1","1"
"TCACGGTCATCGCACA-1","7"
"TCACGTGCCCGATTCA-1","7"
"TCACTACGACCAATGC-1","7"
"TCACTCAGCGCATTAG-1","7"
"TCACTCGTGCAACGGC-1","7"
"TCAGAACCTCCACAGG-1","7"
"TCAGACGCTATAGAAG-1","7"
"TCAGCAAATGCATCTC-1","7"
"TCAGCAGTAGGCCCTG-1","2"
"TCAGCCAATCCGTAAA-1","7"
"TCAGGGCGCAAACTCG-1","7"
"TCAGGGTGCACGAAAC-1","7"
"TCAGGGTGTAACGTAA-1","7"
"TCAGGTTCTTTGAGAA-1","5"
"TCAGTACTGACCCGCG-1","7"
"TCAGTAGGGACTATAA-1","2"
"TCAGTGTATACGTCAT-1","1"
"TCAGTTACGGAATGAT-1","5"
"TCATACTTACAGATCC-1","6"
"TCATATGAGCTTTGTT-1","3"
"TCATCACTCGAGCTCG-1","7"
"TCATCCCAGAGGGTGG-1","7"
"TCATCGATGGTCCCAA-1","1"
"TCATGCAGGTTCTCAT-1","7"
"TCATTTAAGTCTCCGA-1","7"
"TCATTTAGAAGTGTGA-1","7"
"TCCAACTCAGCTATCT-1","7"
"TCCAAGCCTAGACACA-1","7"
"TCCAATAAAGGCTACC-1","2"
"TCCACAATGGTTTACG-1","7"
"TCCACATCGTATATTG-1","4"
"TCCACCAAGACATAGG-1","6"
"TCCACCTCTAGCCTTT-1","2"
"TCCACTTTATCTAGGT-1","7"
"TCCAGAGCACCGGTTC-1","2"
"TCCAGCGCTATAAGCG-1","7"
"TCCAGGCGAGTACGGT-1","7"
"TCCAGGGTATATACGA-1","7"
"TCCATCAATACTAATC-1","1"
"TCCATTGTGACCTCGT-1","7"
"TCCCAAACAGACAACG-1","7"
"TCCCAAAGACGAAGGA-1","7"
"TCCCAAAGCCCTAAAT-1","7"
"TCCCACGGAGGGAGCT-1","5"
"TCCCACTCTCTTCCGG-1","7"
"TCCCAGCTTTAGTCTG-1","7"
"TCCCAGGCTTAGCTAA-1","7"
"TCCCGCGTACTCCTGG-1","7"
"TCCCGGGTGTGCTGCT-1","7"
"TCCCGTCAGTCCCGCA-1","4"
"TCCCGTGTGCAATTTG-1","7"
"TCCCTAGATCAATAGG-1","7"
"TCCCTGGCGTATTAAC-1","1"
"TCCCTGGCTCGCTGGA-1","7"
"TCCCTTAGATTACTCG-1","7"
"TCCCTTGTCTGAAACT-1","7"
"TCCGAACTTGGCTTAC-1","7"
"TCCGAAGTAGTCACCA-1","6"
"TCCGAATGGTCCTGAG-1","7"
"TCCGACCGCTAATCAA-1","2"
"TCCGATAATTGCCATA-1","7"
"TCCGATGACTGAGCTC-1","7"
"TCCGATGGTGCGACAT-1","7"
"TCCGATTACATTGCCG-1","7"
"TCCGCCTGTCTACAAG-1","4"
"TCCGCGGCAGCATCTG-1","7"
"TCCGCGGCCCAATGAA-1","7"
"TCCGCTGTCATCCCGG-1","7"
"TCCGCTTATCCCATTA-1","7"
"TCCGGAGGAAGGGCTG-1","7"
"TCCGGCCTAGCGTACA-1","7"
"TCCGGCCTGCATCGAT-1","7"
"TCCGGGCTTGACGGGA-1","7"
"TCCGGTTCGTCCGGTC-1","2"
"TCCGTAACCACAATCC-1","7"
"TCCGTTAAGCTAATAT-1","7"
"TCCGTTTAGCCTTGAA-1","7"
"TCCTAAATTGGGAAGC-1","7"
"TCCTAACCGTCGGGCA-1","2"
"TCCTACATCCACGGCC-1","7"
"TCCTAGCAAAGAAGCT-1","2"
"TCCTCCTAAGACATTC-1","2"
"TCCTCGGGCTGGGCTT-1","7"
"TCCTCTACGAGATGGC-1","7"
"TCCTCTCCAGTTGTCC-1","7"
"TCCTCTGGCCCATTAG-1","7"
"TCCTGCCAACTGGAGA-1","7"
"TCCTGCGTTGATACTC-1","7"
"TCCTGGCGCTGCCTGG-1","7"
"TCCTTACGACGGTCCG-1","7"
"TCCTTCAGTGGTCGAA-1","7"
"TCCTTGTCCTTTAATT-1","2"
"TCCTTTAAATCCGCTT-1","7"
"TCCTTTCTTACGCTTA-1","7"
"TCGAAATTTAGGACCA-1","7"
"TCGAAGAACCGAGCAC-1","7"
"TCGAATATCCCGCAGG-1","1"
"TCGACAACTGAACCCG-1","1"
"TCGAGACCAACACCGT-1","3"
"TCGAGCCAGGCAGGCC-1","2"
"TCGATAGGCTAGTCGC-1","7"
"TCGCAAAGATGCATTT-1","7"
"TCGCACCAGGAGGCAG-1","7"
"TCGCATAAAGGGCGCA-1","7"
"TCGCATCCCTAAGTGT-1","6"
"TCGCATTCAATGACTT-1","7"
"TCGCCGAAGTTGCGTC-1","2"
"TCGCCGACATATTCGC-1","7"
"TCGCCGGTCGATCCGT-1","7"
"TCGCCTCGACCTGTTG-1","6"
"TCGCGTCCAGAAGGTC-1","7"
"TCGCTAAACCGCTATC-1","7"
"TCGCTACTGGCTTTGA-1","7"
"TCGCTCGATATATTCC-1","7"
"TCGCTCGGCACCAGCG-1","7"
"TCGCTGGGCGGATTGT-1","6"
"TCGCTGTGCGTAAATC-1","7"
"TCGCTTTAAACGTTTG-1","7"
"TCGGAATGACCATCAA-1","7"
"TCGGAATGCGCTCTGA-1","6"
"TCGGACGCCCAGCCCA-1","7"
"TCGGAGAGTATCGGGA-1","2"
"TCGGAGTACATGAGTA-1","6"
"TCGGATCTGGATGACC-1","1"
"TCGGCGAACCCAAACC-1","7"
"TCGGCGTACTGCACAA-1","2"
"TCGGCTAACTTCCCTT-1","7"
"TCGGCTTGTATCGACG-1","7"
"TCGGGAACGTGCCTAG-1","7"
"TCGGGAGACAGCGTAC-1","7"
"TCGGGATTCAAACATA-1","3"
"TCGGGCACTTCTGGAT-1","7"
"TCGGGCCGTCGTGGTA-1","7"
"TCGGGTGAAACTGCTA-1","7"
"TCGGTCCCGACAATAG-1","1"
"TCGGTCCCTGACTCCA-1","4"
"TCGGTGACCGCTCCGG-1","7"
"TCGGTTAGCCATGTAG-1","7"
"TCGTAAGACGACATTG-1","7"
"TCGTAAGCTCCGAGGA-1","7"
"TCGTATAGTGCAATTA-1","7"
"TCGTATTACCCATTGC-1","7"
"TCGTATTTCGTCCGGA-1","7"
"TCGTCAAGTACGCGCA-1","2"
"TCGTCACACTGTTAGC-1","7"
"TCGTCCGCTGGCGTCT-1","7"
"TCGTCTTAGGCGTTAA-1","7"
"TCGTGTTCGACCACAA-1","4"
"TCGTTAGGAGTCCCTA-1","2"
"TCGTTCGTTATTATGT-1","7"
"TCGTTGCTATCCGGTC-1","1"
"TCTAAAGAACAGTCTC-1","2"
"TCTAACTGTATGTAAA-1","7"
"TCTAATACTGCCTCAG-1","1"
"TCTACACGTTCATGCA-1","7"
"TCTACCCAATAGAGAG-1","7"
"TCTACCGTCCACAAGC-1","4"
"TCTAGCAATCTCCGCC-1","1"
"TCTAGCATCTTCGATG-1","7"
"TCTAGCATGCCCAGAA-1","7"
"TCTAGGTGGCGACGCT-1","7"
"TCTAGTGATATCGTGG-1","7"
"TCTAGTTATCAGAAGA-1","7"
"TCTATAGGTGGGTAAT-1","7"
"TCTATCATGCAGTTAC-1","6"
"TCTATCGGTCGCAACA-1","7"
"TCTATGCTATAACGAC-1","7"
"TCTATTACGCTGGCGA-1","7"
"TCTATTACTAGAGGAT-1","4"
"TCTCATGAGATAGGGT-1","7"
"TCTCCAACGTAGGTTA-1","7"
"TCTCCACAAGTTGAAT-1","7"
"TCTCCCTGGGCAGCGT-1","7"
"TCTCGAACGAGGTCAC-1","7"
"TCTCGACGTATCGCCG-1","7"
"TCTCGAGGAGGTTCGC-1","7"
"TCTCTAATAGCTGGTA-1","7"
"TCTCTCGCCGCACATA-1","7"
"TCTCTTACCGCGAACC-1","2"
"TCTGAACCGGTCGGCT-1","7"
"TCTGAACTCGTACCCG-1","7"
"TCTGAAGCACGTGGTC-1","7"
"TCTGAATTCCGTACAA-1","7"
"TCTGAGCAATTGACTG-1","7"
"TCTGATGTATTCTGTC-1","7"
"TCTGCATACCTTGCTT-1","7"
"TCTGCCAGAAACTGCA-1","7"
"TCTGCGTCCGGTTTCT-1","7"
"TCTGGGAACCTTTGAA-1","7"
"TCTGTCATACAAGAGC-1","7"
"TCTGTGCCATCATAGT-1","7"
"TCTGTTACCCAGCATA-1","1"
"TCTTACAGAGGTACCG-1","7"
"TCTTACCGGAACTCGT-1","7"
"TCTTACGGCATCCGAC-1","7"
"TCTTACTTATGCCTCT-1","7"
"TCTTAGAGCTCCAATT-1","7"
"TCTTAGAGTGAACTCT-1","7"
"TCTTATGGGTAGTACC-1","6"
"TCTTCCCATGGGCACA-1","7"
"TCTTCGAATAGACGTT-1","3"
"TCTTCGATACCAATAA-1","7"
"TCTTCTATAACCCGCC-1","7"
"TCTTGATGCGTAGCGA-1","3"
"TCTTGCTCCCGATACT-1","4"
"TCTTGGTAACACCAAA-1","7"
"TCTTTAAGACTATGAA-1","7"
"TCTTTAGAGTCTAACA-1","7"
"TCTTTCTCTTAAGGAG-1","7"
"TGAAACCTCAACTCAC-1","7"
"TGAAACTTATGCAAGC-1","7"
"TGAAAGGACCTGACTC-1","7"
"TGAACAAGCAGGGACT-1","1"
"TGAATACCGACGCGTA-1","7"
"TGAATGAGTGTTTCCC-1","2"
"TGAATGTCAGCCGGCC-1","7"
"TGACACTTCTCTTTGC-1","7"
"TGACAGGACAAGTCCA-1","2"
"TGACATCGAGCGGACC-1","4"
"TGACATGTAACGTGAC-1","2"
"TGACCAAATCTTAAAC-1","3"
"TGACCAGCTTCAAAGT-1","7"
"TGACCCAACTCACATT-1","7"
"TGACCCACGTTAGACA-1","7"
"TGACGAATATTTCCCT-1","7"
"TGACGATGCACTAGAA-1","7"
"TGACTATAATCCTTTC-1","7"
"TGACTCCGAATCATAC-1","1"
"TGAGAATGCTTTACCG-1","7"
"TGAGAGATTTACCACG-1","7"
"TGAGATCAAATACTCA-1","7"
"TGAGATTAGGCCCTAA-1","7"
"TGAGCCATACAGTCTC-1","2"
"TGAGCGGAAAGTGTTC-1","7"
"TGAGCTTTAATGACGC-1","7"
"TGAGGAGTGCCAGCTT-1","7"
"TGAGGCATGTACTGTG-1","1"
"TGAGGTTGATCCCAAG-1","7"
"TGAGTAAATTAGCGTA-1","2"
"TGAGTGCCTCTTAAAT-1","1"
"TGAGTGGTCCGTGACG-1","7"
"TGAGTGTAACAACGGG-1","7"
"TGAGTTAAAGACATTC-1","7"
"TGATACATTTAGCCGT-1","1"
"TGATAGCGGGATTCTA-1","7"
"TGATCAGGGAACTGCT-1","7"
"TGATCCCAGCATTAGT-1","7"
"TGATCGGTTTGACCCT-1","7"
"TGATCTACGCTGATCT-1","7"
"TGATCTCCGGCGCCAG-1","7"
"TGATGGCTGTTTCTGA-1","7"
"TGATGTCAATTAAGTG-1","7"
"TGATTATGGCACGCAG-1","4"
"TGATTCAGGTCCCGCG-1","6"
"TGATTCCCGGTTACCT-1","2"
"TGATTCGTCTATCACT-1","7"
"TGATTCTGTCGCCGGT-1","2"
"TGATTTATTAGCTGTG-1","7"
"TGATTTCCTCCTGACG-1","7"
"TGCAACCCATCTGCGG-1","7"
"TGCAAGAATGACGTAA-1","3"
"TGCAATCTAACACGGT-1","7"
"TGCAATTTGGGCACGG-1","7"
"TGCACAGTGAAGTTAT-1","4"
"TGCACGAGTCGGCAGC-1","7"
"TGCACTATGTGAGTGC-1","6"
"TGCAGAACTATATCGT-1","7"
"TGCAGAGTACCGAGCA-1","2"
"TGCAGATCGTCCTAGG-1","7"
"TGCAGCTACGTACTTC-1","7"
"TGCAGGATCGGCAAAG-1","7"
"TGCAGTGGTAGGGAAC-1","1"
"TGCAGTTTCCTCCCAT-1","7"
"TGCATATGTCTGTCAC-1","7"
"TGCATGGATCGGATCT-1","7"
"TGCATGTGACCCATAG-1","2"
"TGCATGTGGTAATCTA-1","7"
"TGCCAAAGTCAGACTT-1","7"
"TGCCAATGGGTACTCT-1","1"
"TGCCACCTGGCGAAAC-1","3"
"TGCCAGTACGTGGAGA-1","7"
"TGCCATGGCTTATAAG-1","7"
"TGCCATTACTAAAGAA-1","7"
"TGCCCGTACCGTTAAA-1","7"
"TGCCGGATGTACGAGC-1","2"
"TGCCGTGGATCGTCCT-1","7"
"TGCCTAATTGAAGATT-1","7"
"TGCCTGACATCGGTCA-1","7"
"TGCCTGATCAAACGAT-1","7"
"TGCCTTGGCCAGGCAA-1","7"
"TGCGAATATGGGATTT-1","7"
"TGCGACACCCTAGTGC-1","1"
"TGCGACGGCCGAACGT-1","1"
"TGCGAGAATATTACCC-1","1"
"TGCGAGCCCTTCCGCG-1","4"
"TGCGCAAAGCATTTGG-1","7"
"TGCGCGATTAACGGAG-1","7"
"TGCGGACTTGACTCCG-1","7"
"TGCGGAGTAAAGGTGC-1","4"
"TGCGGCATAGTTCAAC-1","7"
"TGCGGGTATTGGGATC-1","5"
"TGCGGTCTACGAGTAA-1","7"
"TGCGGTGAAATTTCAT-1","7"
"TGCGTAAGAACCTGAT-1","1"
"TGCGTCATGACTGAGC-1","1"
"TGCGTTTGTTGACACT-1","7"
"TGCTAAGTGTCTATTT-1","7"
"TGCTATACAAACGGAC-1","5"
"TGCTCCACAGTTCTTA-1","7"
"TGCTCGGCGAAACCCA-1","3"
"TGCTCGGTGGGTCACC-1","7"
"TGCTCTTGAGAGTTTG-1","7"
"TGCTGGTTGGACAATT-1","7"
"TGCTGTTGAAGAACTC-1","7"
"TGCTTAGAGAGAATGC-1","1"
"TGCTTCCCAAGCAGTA-1","7"
"TGGAACCACTGACACA-1","7"
"TGGAAGAAGGGAACGT-1","6"
"TGGAAGACGAACACCA-1","7"
"TGGAAGGATAAAGATG-1","4"
"TGGAATATCCTTGACC-1","7"
"TGGAATTAGACGCTTT-1","6"
"TGGACCAATCTAAGAT-1","7"
"TGGACGCAATCCAGCC-1","1"
"TGGACTGTTCGCTCAA-1","7"
"TGGAGAATAATCGTCC-1","2"
"TGGAGCTAAAGTTCCC-1","7"
"TGGAGTGATGCGATGA-1","7"
"TGGCAAACTAAATTAC-1","7"
"TGGCAACTCGCGCGCC-1","5"
"TGGCAAGCACAAGTCG-1","7"
"TGGCAATGGGACGGCG-1","7"
"TGGCACGAGCTCGAGT-1","7"
"TGGCAGATTACGATCA-1","2"
"TGGCATGAAGTTTGGG-1","2"
"TGGCCAAACTGAAGTA-1","2"
"TGGCCAATTTGGTACT-1","2"
"TGGCCGTATATTGACC-1","7"
"TGGCGACTGCTCCAAA-1","1"
"TGGCGATCAAGTTATG-1","2"
"TGGCTACACTCTACCT-1","7"
"TGGCTATGTGACATAC-1","7"
"TGGCTCTTGTCGCGTA-1","4"
"TGGCTTTGGGTAGACA-1","7"
"TGGGAAATGCCTTTCC-1","7"
"TGGGATGCACTCATTC-1","7"
"TGGGCAATAGTTGGGT-1","7"
"TGGGCACAAACAGAAC-1","7"
"TGGGCACGTTCTATGG-1","7"
"TGGGCAGGCCACCGCA-1","7"
"TGGGCCACAAGAGCGC-1","7"
"TGGGCCCATACTAATT-1","4"
"TGGGCCTTGCCTGCAT-1","4"
"TGGGCGATACAATAAG-1","2"
"TGGGTAAGGTTCCCGC-1","7"
"TGGTAAGCAGGATTGA-1","4"
"TGGTAGAATATATGGG-1","7"
"TGGTATCGCATCCCAA-1","7"
"TGGTATCGGTCTGTAT-1","7"
"TGGTCCCACGCTACGG-1","7"
"TGGTCTGTTGGGCGTA-1","3"
"TGGTTAACTTACATTT-1","1"
"TGGTTCAACGGGTAAT-1","7"
"TGGTTCGTAGCAAAGG-1","7"
"TGGTTGGAGGATCCTG-1","7"
"TGGTTTAAACGTGGGT-1","7"
"TGTAACTTGTCAACCT-1","6"
"TGTAATGACCACAATA-1","3"
"TGTACCCGACCCTAAT-1","1"
"TGTACCTACACGAGGG-1","7"
"TGTACGAACAAATCCG-1","3"
"TGTACGCTATCAGCTT-1","5"
"TGTAGCCATCCCATTC-1","7"
"TGTAGGAGAAATTTCC-1","7"
"TGTAGTGATCTATAAT-1","7"
"TGTATAACAGATCCTG-1","7"
"TGTATCCTTATTCCAT-1","7"
"TGTATGGCGCAGACAG-1","7"
"TGTATTTACCTAATGC-1","7"
"TGTCATTTGTTGGGAA-1","7"
"TGTCCACGGCTCAACT-1","7"
"TGTCCCGACATAGCAC-1","7"
"TGTCCGTGGCGCCTTT-1","7"
"TGTCCTAAGTCACCGC-1","7"
"TGTCGTTATCACATAT-1","1"
"TGTCTACAGTTTCTGT-1","7"
"TGTGACTACGCCAGTC-1","7"
"TGTGAGACTAGCCCAA-1","7"
"TGTGATTCCAGCGCTT-1","7"
"TGTGCCGGTGCCGGAA-1","7"
"TGTGCTTTACGTAAGA-1","7"
"TGTGGAGGAAGCTTAA-1","7"
"TGTGGCAAAGCGTATG-1","7"
"TGTGGCGGGCTTCTGG-1","7"
"TGTGGCTCCCACCAAC-1","7"
"TGTGGTTGCTAAAGCT-1","2"
"TGTGTCGCGAGTTGCA-1","6"
"TGTGTTCGTATCCAAG-1","7"
"TGTTATTGTATGTGGC-1","7"
"TGTTCCGCTTCCATGA-1","7"
"TGTTCCGGCCTGAGCT-1","2"
"TGTTCTTCCATTGACT-1","3"
"TGTTGTCAAGAAGTCT-1","7"
"TGTTTAATACTTCATC-1","7"
"TGTTTCGGTACTTCTC-1","7"
"TGTTTCTGAAGCGTGC-1","1"
"TGTTTGAGATCGTCAG-1","7"
"TTAAACCGGTAGCGAC-1","7"
"TTAAACCTGGTTCCTT-1","6"
"TTAAACTCGAATTCAT-1","7"
"TTAACACCTCGAACAT-1","3"
"TTAACCAACCCTCCCT-1","7"
"TTAACGTCGCAAGACC-1","6"
"TTAACTTCAGGTAGGA-1","2"
"TTAAGACGAACGAACC-1","7"
"TTAAGATAGGATTGAC-1","7"
"TTAAGCCGACAACTTC-1","6"
"TTAAGCGCCTGACCCA-1","7"
"TTAAGGCCCGTACTTT-1","1"
"TTAAGTATTGTTATCC-1","7"
"TTAATCAGTACGTCAG-1","7"
"TTAATGCGAGGTAACT-1","7"
"TTAATGTAGACCAGGT-1","3"
"TTAATTGCTTTGGGTG-1","7"
"TTAATTTCAGACGCGG-1","4"
"TTACAACTACGCATCC-1","7"
"TTACACGATCTGCGAC-1","7"
"TTACAGACCTAAATGA-1","4"
"TTACATCGTGGCCTGG-1","7"
"TTACATGCCACAACTA-1","7"
"TTACCATTGATTACCC-1","7"
"TTACCCATTGCCGGGT-1","7"
"TTACCCTAACAGTCCT-1","7"
"TTACCCTAGGGATTGG-1","4"
"TTACGGATGGTTCGAG-1","7"
"TTACGTAGCGCGTGCT-1","6"
"TTACTAAAGGACTTTA-1","7"
"TTACTATCGGCTTCTC-1","4"
"TTACTCCGGCCGGGAA-1","7"
"TTACTCTGGTACGTAC-1","2"
"TTACTGGGATATTTCA-1","2"
"TTACTGTTTCTCTACG-1","7"
"TTAGAAGAACATGACT-1","7"
"TTAGAATAAGGGTCGG-1","1"
"TTAGACACGATCGTTG-1","4"
"TTAGACGAGTCACCTC-1","7"
"TTAGAGTTTAGAAGGA-1","7"
"TTAGCAACATGGATGT-1","7"
"TTAGCTAATACGATCT-1","7"
"TTAGCTCTGTAATCCG-1","7"
"TTAGCTGATTTGCCGT-1","7"
"TTAGGTCATAACCGAC-1","2"
"TTAGTAAACCTGCTCT-1","7"
"TTAGTAGGGCGGCGGG-1","7"
"TTAGTTATTCGTGGCA-1","4"
"TTAGTTCAAGTGTTCG-1","7"
"TTATAGATGCACATTA-1","7"
"TTATAGGTAATTGTCT-1","7"
"TTATATACGCTGTCAC-1","7"
"TTATATTTGGCAATCC-1","7"
"TTATCCAATCGAACTC-1","7"
"TTATCCGGGATCTATA-1","7"
"TTATCCTCAAGGAATA-1","1"
"TTATCGCCTGCGAAGC-1","7"
"TTATCTGACATTAGGA-1","4"
"TTATCTGTATCATAAC-1","6"
"TTATGACAAACTGGAT-1","7"
"TTATGATCTTAACGAA-1","7"
"TTATGTTTGCGATAGA-1","7"
"TTATTAGAGCGTGTTC-1","3"
"TTATTAGGGAAGCATC-1","7"
"TTCAAAGTCTCTAGCC-1","7"
"TTCAACGACCCGACCG-1","7"
"TTCAAGCCGAGCTGAG-1","7"
"TTCAATACTCTGAATC-1","7"
"TTCAATTAGCCATAAT-1","6"
"TTCACGAAAGGATCAC-1","7"
"TTCACTCGAGCACCTA-1","7"
"TTCACTTCCTAGAACG-1","3"
"TTCAGCCCTGGTCCAC-1","7"
"TTCAGCTGGCGTGCCC-1","7"
"TTCAGTTCAAGAGGAG-1","2"
"TTCATGGCGCAACAGG-1","7"
"TTCCAATCAGAGCTAG-1","7"
"TTCCAATCTGGCTATC-1","1"
"TTCCACACAGATTTGA-1","1"
"TTCCACATTTCTCGTC-1","5"
"TTCCAGACGAGATTTA-1","7"
"TTCCATCATGCGGTGA-1","7"
"TTCCATCGACAGCGTG-1","7"
"TTCCCGACGCTTCACT-1","7"
"TTCCCGGCGCCAATAG-1","4"
"TTCCGCAGAGAAATAT-1","7"
"TTCCGCGTGAGGCGAT-1","7"
"TTCCGGCCTTGAGGCT-1","1"
"TTCCGGCTCGACTTCT-1","4"
"TTCCGGTATCTGTGTC-1","7"
"TTCCGGTTACCCACTT-1","7"
"TTCCTCGAGGGTGTCT-1","7"
"TTCCTCGGACTAACCA-1","7"
"TTCCTCTGCCCGAATA-1","7"
"TTCGACAGAGCCCGTG-1","7"
"TTCGACGGGAAGGGCG-1","7"
"TTCGCACTCGCGTGCT-1","7"
"TTCGCCGCTCGCGCTA-1","1"
"TTCGCGCGCCATACGA-1","2"
"TTCGCTAGGAAGTTGT-1","7"
"TTCGCTATCTGACGTG-1","7"
"TTCGGACTGATGCCTT-1","7"
"TTCGGACTGGGCATGG-1","1"
"TTCGGCAACCCGCTGA-1","7"
"TTCGGCTAGAGATGGT-1","7"
"TTCGGGACTAATCGCG-1","7"
"TTCGGGCGCTAGTCTT-1","1"
"TTCGGTACTGTAGAGG-1","4"
"TTCGTAATCCCAGCGG-1","3"
"TTCGTACTCCAGAACG-1","7"
"TTCGTTCAACGAAGTT-1","7"
"TTCTAACCGAAGCTTA-1","7"
"TTCTACCTCAATCGGT-1","1"
"TTCTACCTTTATGTTG-1","7"
"TTCTACTTGCGAGGGC-1","7"
"TTCTAGAAAGTCTTAT-1","2"
"TTCTAGGCCAATTGTG-1","7"
"TTCTATTAAACGCAGC-1","2"
"TTCTCTTACAGGTGAT-1","1"
"TTCTGACCGGGCTCAA-1","7"
"TTCTGCCGCGCCTAGA-1","7"
"TTCTGCGAGCGCCCTT-1","7"
"TTCTGCGGGTTAGCGG-1","7"
"TTCTGCTAGACTCCAA-1","7"
"TTCTTAGTGAACGGTG-1","7"
"TTCTTAGTGGCTCAGA-1","7"
"TTCTTATCCGCTGGGT-1","7"
"TTCTTCCCTTTGATAT-1","6"
"TTCTTCGCAATAGAGC-1","5"
"TTCTTGAGCCGCGCTA-1","2"
"TTCTTGCTAGCATCTC-1","7"
"TTCTTGGACGATCTGC-1","1"
"TTCTTGGAGTAATGAG-1","7"
"TTCTTGTAACCTAATG-1","6"
"TTCTTTGGTCGCGACG-1","7"
"TTGAAAGGTGTAAAGG-1","7"
"TTGAACGAATCCTTTG-1","7"
"TTGAACGACGTGCTGA-1","7"
"TTGAAGAATTCCCAGG-1","7"
"TTGAAGGATGGGCGCC-1","1"
"TTGAATATGGACTTTC-1","7"
"TTGAATCGTTGTATAA-1","4"
"TTGAATTCACGTGAGG-1","4"
"TTGACAGGAGCTCCCG-1","7"
"TTGACATGAACGTGGA-1","2"
"TTGACCAGGAACAACT-1","7"
"TTGACCATGTTCTCCG-1","6"
"TTGACCGTGTTAATGA-1","1"
"TTGACGATTCAGCACG-1","7"
"TTGACGCTCCATGAGC-1","7"
"TTGACTACCATATGGT-1","2"
"TTGACTATTGTCCGGC-1","7"
"TTGAGAAGTTTAGCAT-1","7"
"TTGAGAGTACTGCTAA-1","1"
"TTGAGCAGCCCACGGT-1","7"
"TTGAGCGCCACGTGAT-1","7"
"TTGAGGCATTTAACTC-1","7"
"TTGATCTAACTTTGTC-1","4"
"TTGATGTGTAGTCCCG-1","7"
"TTGATTAGCTGTTTCT-1","1"
"TTGATTATGCAGATGA-1","5"
"TTGCAAGAAGACTCCT-1","7"
"TTGCACAATTCAGAAA-1","2"
"TTGCACGGAGCAGCAC-1","6"
"TTGCATGCTGATCACG-1","2"
"TTGCCAAGCAGAACCC-1","7"
"TTGCCATAGCCCGCTC-1","1"
"TTGCCCTGATCACGGG-1","7"
"TTGCCGCAGACCTACA-1","1"
"TTGCCGCTTTCTAGTA-1","7"
"TTGCCGGTGATCCCTC-1","7"
"TTGCCTAATCCAAAGT-1","1"
"TTGCGGCATCAGAAAG-1","1"
"TTGCGGCGACTCATGC-1","5"
"TTGCGTAGTTTGAGGA-1","6"
"TTGCGTCGGCCAACCG-1","2"
"TTGCGTGAACGCTTAG-1","7"
"TTGCTAGCTACCAATC-1","3"
"TTGCTCATAGTACGTG-1","7"
"TTGCTCCCATACCGGA-1","7"
"TTGCTGAAGGAACCAC-1","7"
"TTGCTGATCATGTTCG-1","7"
"TTGCTGCACCTATCCA-1","7"
"TTGCTGGCCGGGCTTC-1","7"
"TTGGAAGAATACAGTC-1","2"
"TTGGACATGTGGCTTA-1","7"
"TTGGACCATCTGGCAA-1","7"
"TTGGACCTATAACAGT-1","7"
"TTGGAGTCTCCCTTCT-1","7"
"TTGGATATCGTCTACG-1","2"
"TTGGATCGACTTCTGG-1","7"
"TTGGATTGGGTACCAC-1","4"
"TTGGCCATCTTGCGCT-1","6"
"TTGGCCTAGAATTTCG-1","7"
"TTGGCTCAATATGTGT-1","7"
"TTGGCTCGCATGAGAC-1","6"
"TTGGGAAGACGAGCCG-1","2"
"TTGGGACACTGCCCGC-1","3"
"TTGGGACGTAAGAGTT-1","7"
"TTGGGCGGCGGTTGCC-1","7"
"TTGGTCACACTCGTAA-1","2"
"TTGGTTGCGGTGCGCG-1","1"
"TTGTAAGGACCTAAGT-1","2"
"TTGTAAGGCCAGTTGG-1","7"
"TTGTAATCCGTACTCG-1","7"
"TTGTATCACACAGAAT-1","3"
"TTGTCGTTCAGTTACC-1","6"
"TTGTGAACCTAATCCG-1","7"
"TTGTGAGGCATGACGC-1","4"
"TTGTGCAGCCACGTCA-1","3"
"TTGTGGCCCTGACAGT-1","7"
"TTGTGGTAGGAGGGAT-1","2"
"TTGTGGTGGTACTAAG-1","7"
"TTGTGTTTCCCGAAAG-1","7"
"TTGTTAGCAAATTCGA-1","7"
"TTGTTCAGTGTGCTAC-1","7"
"TTGTTGTGTGTCAAGA-1","7"
"TTGTTTCACATCCAGG-1","1"
"TTGTTTCATTAGTCTA-1","1"
"TTGTTTCCATACAACT-1","2"
"TTGTTTGTATTACACG-1","2"
"TTGTTTGTGTAAATTC-1","7"
